id,name,slug,ratingAvg,likesCount,liked,datePublished,dateFeatured,firstPublish,downloadCount,category,modified,image,nsfw,premium,price,user,latestCompetitionResult,__typename
871465,ISO 7010 - Warning Signs,iso-7010-warning-signs,5.0000000000,2025,,2024-05-19T17:50:38.911360+00:00,,2024-05-07T07:33:24.738810+00:00,2963,"{'id': '16', 'path': [{'id': '13', 'name': 'Art & Design', '__typename': 'CategoryType'}, {'id': '16', 'name': '2D Plates & Logos', '__typename': 'CategoryType'}], '__typename': 'CategoryType'}",2024-05-19T17:50:38.953534+00:00,"{'id': '3112100', 'filePath': 'media/prints/871465/images/6688423_1c4f9d5c-eec5-44d6-ac87-96369d067546_84b87e18-32af-4a96-bc89-b089f5f81fb0/warning-cover.png', 'rotation': 0, '__typename': 'PrintImageType'}",False,False,,"{'id': '1359853', 'publicUsername': 'Drunken Monkey', 'avatarFilePath': 'media/auth/39b80d92-e9d3-4db7-b273-4afeebb9fb1a.png', 'handle': 'DrunknMonkey_1359853', 'company': False, 'verified': False, 'badgesProfileLevel': {'profileLevel': 8, '__typename': 'BadgesProfileLevelType'}, '__typename': 'UserType'}",,PrintType
871461,ISO 7010 - Prohibition Signs,iso-7010-prohibition-signs,5.0000000000,1547,,2024-05-19T17:51:22.094687+00:00,,2024-05-07T07:32:26+00:00,1764,"{'id': '16', 'path': [{'id': '13', 'name': 'Art & Design', '__typename': 'CategoryType'}, {'id': '16', 'name': '2D Plates & Logos', '__typename': 'CategoryType'}], '__typename': 'CategoryType'}",2024-05-19T17:51:22.118935+00:00,"{'id': '3112120', 'filePath': 'media/prints/871461/images/6688464_58ef3d1b-75c4-4da8-814f-2e7cdfc88a48_e45ff586-8334-43bd-9857-3f78c5ac7ab8/prohibition-cover.png', 'rotation': 0, '__typename': 'PrintImageType'}",False,False,,"{'id': '1359853', 'publicUsername': 'Drunken Monkey', 'avatarFilePath': 'media/auth/39b80d92-e9d3-4db7-b273-4afeebb9fb1a.png', 'handle': 'DrunknMonkey_1359853', 'company': False, 'verified': False, 'badgesProfileLevel': {'profileLevel': 8, '__typename': 'BadgesProfileLevelType'}, '__typename': 'UserType'}",,PrintType
870103,hydroponic tower for growing plants (WIP) (Updated 25.05.2024),hydroponic-tower-for-growing-plants-wip-updated-25,0E-10,936,,2024-05-25T11:31:31.587675+00:00,,2024-05-06T02:06:02.992699+00:00,770,"{'id': '41', 'path': [{'id': '13', 'name': 'Art & Design', '__typename': 'CategoryType'}, {'id': '41', 'name': 'Other Art & Designs', '__typename': 'CategoryType'}], '__typename': 'CategoryType'}",2024-05-25T11:31:31.610686+00:00,"{'id': '3106759', 'filePath': 'media/prints/870103/images/6677712_dcff4838-d363-4a9d-abb9-ebf4b0673e9d_975e545e-1fde-42e6-9ac4-bb0550deaf4a/3.jpg', 'rotation': 0, '__typename': 'PrintImageType'}",False,False,,"{'id': '2052075', 'publicUsername': 'PV LM', 'avatarFilePath': 'media/auth/0dd14385-8a2d-43bd-b1fa-fe3504548cd9.png', 'handle': 'PVLM_2052075', 'company': False, 'verified': False, 'badgesProfileLevel': {'profileLevel': 8, '__typename': 'BadgesProfileLevelType'}, '__typename': 'UserType'}",,PrintType
874548,Amazing Gridfinity M3 Bolt Sorter,amazing-gridfinity-m3-bolt-sorter,4.8333333333,816,,2024-05-19T18:54:59.326059+00:00,,2024-05-09T21:14:01.214566+00:00,1108,"{'id': '50', 'path': [{'id': '48', 'name': 'Hobby & Makers', '__typename': 'CategoryType'}, {'id': '50', 'name': 'Organizers', '__typename': 'CategoryType'}], '__typename': 'CategoryType'}",2024-05-19T18:54:59.349552+00:00,"{'id': '3121723', 'filePath': 'media/prints/874548/images/6709981_42cf7bb8-27cb-4fba-b74c-362deabb1272_88502b0b-59fe-41a0-a8da-d553c11b22cc/m3sorter_gridfinitiy.gif', 'rotation': 0, '__typename': 'PrintImageType'}",False,False,,"{'id': '3610', 'publicUsername': 'LayerLux3D', 'avatarFilePath': 'media/auth/avatars/89/89aed8f8-c2d7-4688-9e85-4183c189b936.png', 'handle': 'LayerLux3D', 'company': False, 'verified': False, 'badgesProfileLevel': {'profileLevel': 13, '__typename': 'BadgesProfileLevelType'}, '__typename': 'UserType'}",,PrintType
864950,Open source SpaceMouse - Space Mushroom remix,open-source-spacemouse-space-mushroom-remix,4.8333333333,2769,,2024-05-07T23:31:44.787615+00:00,,2024-05-03T02:16:58.002064+00:00,3259,"{'id': '27', 'path': [{'id': '21', 'name': 'Gadgets', '__typename': 'CategoryType'}, {'id': '27', 'name': 'Computers', '__typename': 'CategoryType'}], '__typename': 'CategoryType'}",2024-05-07T23:31:45.370461+00:00,"{'id': '3114940', 'filePath': 'media/prints/864950/images/6695445_e5483376-8308-4e2d-a464-6d0c1bb523d7_cedb146e-7b38-41bc-a68d-79d1ba11ff75/thumb.jpg', 'rotation': 0, '__typename': 'PrintImageType'}",False,False,,"{'id': '253307', 'publicUsername': 'TeachingTech', 'avatarFilePath': 'media/auth/avatars/a8/a844e6db-52a0-4ed1-8156-8213fe945876.png', 'handle': 'TeachingTech', 'company': False, 'verified': False, 'badgesProfileLevel': {'profileLevel': 16, '__typename': 'BadgesProfileLevelType'}, '__typename': 'UserType'}",,PrintType
863424,OTF Fidget Knife - only 3 Parts,otf-fidget-knife-only-3-parts,4.5972850679,2999,,2024-05-21T06:38:40.681744+00:00,,2024-04-30T19:46:56.451078+00:00,14389,"{'id': '47', 'path': [{'id': '30', 'name': 'Toys & Games', '__typename': 'CategoryType'}, {'id': '47', 'name': 'Other Toys & Games', '__typename': 'CategoryType'}], '__typename': 'CategoryType'}",2024-05-21T06:38:40.701670+00:00,"{'id': '3086172', 'filePath': 'media/prints/863424/images/6629887_f3c3ee94-6a8b-4a55-a70d-c2b5f86b6170_3347a727-eb57-4f51-8773-b917b5e4839f/dsc02714.jpeg', 'rotation': 0, '__typename': 'PrintImageType'}",False,False,,"{'id': '548874', 'publicUsername': 'uhltimate', 'avatarFilePath': 'media/auth/avatars/26/2611cc25-b712-4360-b8b8-4e9817ea187b.jpeg', 'handle': 'uhltimate_548874', 'company': False, 'verified': False, 'badgesProfileLevel': {'profileLevel': 14, '__typename': 'BadgesProfileLevelType'}, '__typename': 'UserType'}",,PrintType
824381,Cable Duct Parametric,cable-duct-parametric,5.0000000000,886,,2024-05-08T15:21:30.703175+00:00,,2024-04-28T11:00:30.175089+00:00,895,"{'id': '50', 'path': [{'id': '48', 'name': 'Hobby & Makers', '__typename': 'CategoryType'}, {'id': '50', 'name': 'Organizers', '__typename': 'CategoryType'}], '__typename': 'CategoryType'}",2024-05-08T15:21:30.729720+00:00,"{'id': '2966057', 'filePath': 'media/prints/824381/images/6361682_d642c289-ec4f-4f8d-8c81-b3c7c146f0a0_a9e6496a-c40d-4f85-a8fd-9f6ecce16f29/kabelkanal-cable-duct-thumbnail.png', 'rotation': 0, '__typename': 'PrintImageType'}",False,False,,"{'id': '248812', 'publicUsername': 'Leon_H', 'avatarFilePath': 'media/auth/avatars/c3/c3720b68-0724-4150-bdf7-1bd6a6959f56.jpg', 'handle': 'Leon_H', 'company': False, 'verified': False, 'badgesProfileLevel': {'profileLevel': 18, '__typename': 'BadgesProfileLevelType'}, '__typename': 'UserType'}",,PrintType
871317,Wildlife Kit Card - Multiple Species,wildlife-kit-card-multiple-species,5.0000000000,825,,2024-05-22T15:28:07.693481+00:00,,2024-05-07T01:08:02.906131+00:00,1864,"{'id': '61', 'path': [{'id': '58', 'name': 'World & Scans', '__typename': 'CategoryType'}, {'id': '61', 'name': 'Animals', '__typename': 'CategoryType'}], '__typename': 'CategoryType'}",2024-05-22T15:28:07.723229+00:00,"{'id': '3111685', 'filePath': 'media/prints/871317/images/6687510_1d0f6505-71e8-47b5-abc5-cfb8a2313754_70b82994-b4ef-4df1-ae08-54f219b87914/top-down.jpg', 'rotation': 0, '__typename': 'PrintImageType'}",False,False,,"{'id': '1590966', 'publicUsername': 'designs.by.Marcum', 'avatarFilePath': 'media/auth/3e7b29c9-541b-41c0-9561-9085e3212314.png', 'handle': 'dbMarcum_1590966', 'company': False, 'verified': False, 'badgesProfileLevel': {'profileLevel': 9, '__typename': 'BadgesProfileLevelType'}, '__typename': 'UserType'}",,PrintType
867332,Counter Cleaner,counter-cleaner,4.7500000000,1016,,2024-05-03T22:26:12.074513+00:00,,2024-05-03T22:18:22.860141+00:00,1846,"{'id': '4', 'path': [{'id': '3', 'name': 'Household', '__typename': 'CategoryType'}, {'id': '4', 'name': 'Kitchen', '__typename': 'CategoryType'}], '__typename': 'CategoryType'}",2024-05-03T22:26:12.089967+00:00,"{'id': '3098012', 'filePath': 'media/prints/867332/images/6658169_7d5c3fc8-4ff7-4beb-9256-0fda490c63b1_142daa8f-15c9-417d-9fb3-679992ec47b0/2024-02-16_9f99a140b7cf2.webp', 'rotation': 0, '__typename': 'PrintImageType'}",False,False,,"{'id': '362686', 'publicUsername': 'Cookiedeluxe', 'avatarFilePath': 'media/auth/avatars/b7/b73d6230-e4df-49c6-aa3a-7f380a6673d4.jpg', 'handle': 'Cookiedeluxe_362686', 'company': False, 'verified': False, 'badgesProfileLevel': {'profileLevel': 15, '__typename': 'BadgesProfileLevelType'}, '__typename': 'UserType'}",,PrintType
869092,Zip Tie,zip-tie,4.3333333333,637,,2024-05-05T12:40:23.805163+00:00,,2024-05-05T12:40:23.800554+00:00,935,"{'id': '49', 'path': [{'id': '48', 'name': 'Hobby & Makers', '__typename': 'CategoryType'}, {'id': '49', 'name': 'Tools', '__typename': 'CategoryType'}], '__typename': 'CategoryType'}",2024-05-05T12:40:23.826157+00:00,"{'id': '3103658', 'filePath': 'media/prints/869092/images/6670659_5c461395-ad14-4396-8723-2df11ec47368_7697eb43-29f8-44ef-96cf-6840d09e3112/uvodni.jpg', 'rotation': 0, '__typename': 'PrintImageType'}",False,False,,"{'id': '1769201', 'publicUsername': 'Jan Å tech', 'avatarFilePath': 'media/auth/avatars/fa/facf8864-11d3-4dfd-9abb-504fc5a596af.jpeg', 'handle': 'JanStech', 'company': False, 'verified': False, 'badgesProfileLevel': {'profileLevel': 19, '__typename': 'BadgesProfileLevelType'}, '__typename': 'UserType'}",,PrintType
871466,ISO 7010 - Mandatory Signs,iso-7010-mandatory-signs,0E-10,730,,2024-05-19T17:51:56.466660+00:00,,2024-05-07T07:33:11+00:00,852,"{'id': '16', 'path': [{'id': '13', 'name': 'Art & Design', '__typename': 'CategoryType'}, {'id': '16', 'name': '2D Plates & Logos', '__typename': 'CategoryType'}], '__typename': 'CategoryType'}",2024-05-19T17:51:56.489888+00:00,"{'id': '3112102', 'filePath': 'media/prints/871466/images/6688438_ba21c469-b0e5-4ae4-a545-21888d1d7ae5_6ca805f9-b853-4a96-a6c5-b6b717602b63/mandatory-cover.png', 'rotation': 0, '__typename': 'PrintImageType'}",False,False,,"{'id': '1359853', 'publicUsername': 'Drunken Monkey', 'avatarFilePath': 'media/auth/39b80d92-e9d3-4db7-b273-4afeebb9fb1a.png', 'handle': 'DrunknMonkey_1359853', 'company': False, 'verified': False, 'badgesProfileLevel': {'profileLevel': 8, '__typename': 'BadgesProfileLevelType'}, '__typename': 'UserType'}",,PrintType
860058,"7 Segment Mechanical Counter, Version 2.1, Ratchet, With 3D Printed Screws",7-segment-mechanical-counter-version-21-ratchet-wi,4.6800000000,3396,,2024-05-24T01:46:23.223656+00:00,,2024-04-28T15:32:57.800415+00:00,7786,"{'id': '82', 'path': [{'id': '48', 'name': 'Hobby & Makers', '__typename': 'CategoryType'}, {'id': '82', 'name': 'Other Ideas', '__typename': 'CategoryType'}], '__typename': 'CategoryType'}",2024-05-24T01:46:23.239393+00:00,"{'id': '3077576', 'filePath': 'media/prints/860058/images/6611866_3b69230b-5a6a-4473-b10c-df5ec117c6e5_a18d1ab1-d017-4b76-b168-5482e3b5afdf/02.jpg', 'rotation': 0, '__typename': 'PrintImageType'}",False,False,,"{'id': '1945812', 'publicUsername': 'Flower-3D', 'avatarFilePath': 'media/auth/avatars/c1/c10897d8-c61a-47ff-a684-f6a96080c082.png', 'handle': 'Flower3D_1945812', 'company': False, 'verified': False, 'badgesProfileLevel': {'profileLevel': 7, '__typename': 'BadgesProfileLevelType'}, '__typename': 'UserType'}",,PrintType
871988,Plastic Buckle (Designed for 3d printing with zero supports),plastic-buckle-designed-for-3d-printing-with-zero,4.8333333333,619,,2024-05-09T14:17:36.094308+00:00,,2024-05-07T17:36:00.494979+00:00,1070,"{'id': '43', 'path': [{'id': '21', 'name': 'Gadgets', '__typename': 'CategoryType'}, {'id': '43', 'name': 'Other Gadgets', '__typename': 'CategoryType'}], '__typename': 'CategoryType'}",2024-05-09T14:17:36.115096+00:00,"{'id': '3113824', 'filePath': 'media/prints/871988/images/6692784_2d0e893f-cc9c-40fd-9f4c-9fd48c7176ef_f4804278-e9ad-4636-9033-16a83bad97d2/screenshot-2024-05-07-193219.png', 'rotation': 0, '__typename': 'PrintImageType'}",False,False,,"{'id': '192802', 'publicUsername': 'ICant3DPrint', 'avatarFilePath': 'media/auth/avatars/27/27f348af-4aad-4b7b-a337-6334dbd20147.jpg', 'handle': 'ICant3DPrint', 'company': False, 'verified': False, 'badgesProfileLevel': {'profileLevel': 15, '__typename': 'BadgesProfileLevelType'}, '__typename': 'UserType'}",,PrintType
880256,Cardboard Gridfinity Bins,cardboard-gridfinity-bins,5.0000000000,620,,2024-05-22T09:18:19.941288+00:00,,2024-05-16T13:16:28.671010+00:00,354,"{'id': '50', 'path': [{'id': '48', 'name': 'Hobby & Makers', '__typename': 'CategoryType'}, {'id': '50', 'name': 'Organizers', '__typename': 'CategoryType'}], '__typename': 'CategoryType'}",2024-05-22T09:18:19.961001+00:00,"{'id': '3143214', 'filePath': 'media/prints/880256/images/6757561_dd1af990-f499-4e47-b120-b3415e96ffb8_cdc1d1a1-4913-4036-84ae-f6d2bcb94a86/pxl_20240513_214409712portrait.jpg', 'rotation': 0, '__typename': 'PrintImageType'}",False,False,,"{'id': '2077995', 'publicUsername': 'Daviel Black', 'avatarFilePath': 'media/auth/c46eb820-9fda-43e7-88c6-3e7c59b8621c.png', 'handle': 'DavielBlack_2077995', 'company': False, 'verified': False, 'badgesProfileLevel': {'profileLevel': 4, '__typename': 'BadgesProfileLevelType'}, '__typename': 'UserType'}",,PrintType
876789,Dummy13 K9 Parametric,dummy13-k9-parametric,5.0000000000,526,,2024-05-15T03:02:10.064122+00:00,,2024-05-12T00:54:45.481497+00:00,1053,"{'id': '47', 'path': [{'id': '30', 'name': 'Toys & Games', '__typename': 'CategoryType'}, {'id': '47', 'name': 'Other Toys & Games', '__typename': 'CategoryType'}], '__typename': 'CategoryType'}",2024-05-15T03:02:10.122562+00:00,"{'id': '3128768', 'filePath': 'media/prints/876789/images/6725184_73894366-154e-43b0-941b-715b140d4ada_f4583f77-3281-4578-8371-d2bbe1997905/20240511_183204.jpg', 'rotation': 0, '__typename': 'PrintImageType'}",False,False,,"{'id': '293546', 'publicUsername': 'Depep1', 'avatarFilePath': 'media/auth/avatars/64/647b8796-a16b-4be2-9dbc-402007c73f33.jpg', 'handle': 'Depep1', 'company': False, 'verified': False, 'badgesProfileLevel': {'profileLevel': 20, '__typename': 'BadgesProfileLevelType'}, '__typename': 'UserType'}",,PrintType
864339,Box with sliding door,box-with-sliding-door,4.8888888889,1278,,2024-05-11T05:44:49.997468+00:00,,2024-05-01T14:11:14.686572+00:00,2627,"{'id': '40', 'path': [{'id': '1', 'name': '3D Printers', '__typename': 'CategoryType'}, {'id': '40', 'name': 'Accessories', '__typename': 'CategoryType'}], '__typename': 'CategoryType'}",2024-05-11T05:44:50.014847+00:00,"{'id': '3088994', 'filePath': 'media/prints/864339/images/6636474_a0ba9d75-5ae7-45fc-853c-fe8867bc1a6a_caa4cbd6-eae6-4109-a1bf-4c151eb45c04/img_1296x.jpeg', 'rotation': 0, '__typename': 'PrintImageType'}",False,False,,"{'id': '107678', 'publicUsername': 'esox', 'avatarFilePath': 'media/auth/avatars/6e/6efcd599-5f3a-4a34-be7c-c0611510c0c1.png', 'handle': 'esox', 'company': False, 'verified': False, 'badgesProfileLevel': {'profileLevel': 20, '__typename': 'BadgesProfileLevelType'}, '__typename': 'UserType'}",,PrintType
873904,Tick removal tool,tick-removal-tool,4.8000000000,720,,2024-05-22T05:01:18.879013+00:00,,2024-05-09T11:39:48.372792+00:00,1357,"{'id': '88', 'path': [{'id': '87', 'name': 'Healthcare', '__typename': 'CategoryType'}, {'id': '88', 'name': 'Home Medical Tools', '__typename': 'CategoryType'}], '__typename': 'CategoryType'}",2024-05-22T05:01:18.897581+00:00,"{'id': '3119209', 'filePath': 'media/prints/873904/images/6704908_85e8624c-ab62-4a9a-ab12-ff595c2459dc_3085989c-1861-4acf-925f-87a2d8eb6b2a/capture-decran-2024-05-09-132916.jpg', 'rotation': 0, '__typename': 'PrintImageType'}",False,False,,"{'id': '398553', 'publicUsername': 'Juli3n', 'avatarFilePath': 'media/auth/avatars/bf/bf522f93-4513-4774-96e0-46229d6f71c1.jpg', 'handle': 'Juli3n_398553', 'company': False, 'verified': False, 'badgesProfileLevel': {'profileLevel': 12, '__typename': 'BadgesProfileLevelType'}, '__typename': 'UserType'}",,PrintType
822836,SLAB - Silly's Lever Action Blaster (Nerf Homemade),slab-sillys-lever-action-blaster-nerf-homemade,5.0000000000,533,,2024-05-16T15:33:55.585107+00:00,,2024-05-07T19:04:41.663642+00:00,553,"{'id': '34', 'path': [{'id': '30', 'name': 'Toys & Games', '__typename': 'CategoryType'}, {'id': '34', 'name': 'Outdoor Toys', '__typename': 'CategoryType'}], '__typename': 'CategoryType'}",2024-05-16T15:33:55.620059+00:00,"{'id': '3138883', 'filePath': 'media/prints/822836/images/6747855_64a2ca11-ea65-40ec-a722-ac24ced6f775_274f2ecf-96ff-457d-9679-ab54b8a3263b/slab-cover-photo-pure-white-copy.png', 'rotation': 0, '__typename': 'PrintImageType'}",False,False,,"{'id': '1932857', 'publicUsername': 'Sillybutts', 'avatarFilePath': 'media/auth/avatars/a6/a6b1d875-b64c-4544-9943-593c7968f322.png', 'handle': 'Sillybutts', 'company': False, 'verified': False, 'badgesProfileLevel': {'profileLevel': 15, '__typename': 'BadgesProfileLevelType'}, '__typename': 'UserType'}",,PrintType
878041,V-Engine KeyRing,v-engine-keyring,4.8888888889,351,,2024-05-17T13:50:36.264672+00:00,,2024-05-16T07:23:40.572555+00:00,811,"{'id': '43', 'path': [{'id': '21', 'name': 'Gadgets', '__typename': 'CategoryType'}, {'id': '43', 'name': 'Other Gadgets', '__typename': 'CategoryType'}], '__typename': 'CategoryType'}",2024-05-17T13:50:36.285642+00:00,"{'id': '3139506', 'filePath': 'media/prints/878041/images/6749027_4b92767b-58ee-4c77-87d8-5bbbb1efca0f_52a68baa-7422-442a-b49e-2fefc2fae985/foto3.jpg', 'rotation': 0, '__typename': 'PrintImageType'}",False,False,,"{'id': '177081', 'publicUsername': 'Bootjevaarder', 'avatarFilePath': 'media/auth/avatars/90/900114d5-3e6a-46d7-84ec-b625667c01ed.png', 'handle': 'Bootjevaarder', 'company': False, 'verified': False, 'badgesProfileLevel': {'profileLevel': 14, '__typename': 'BadgesProfileLevelType'}, '__typename': 'UserType'}",,PrintType
864751,One Click weekly pill dispenser V2.0,one-click-weekly-pill-dispenser-v20,4.7500000000,576,,2024-05-22T07:29:40.624110+00:00,,2024-05-01T19:10:56.915781+00:00,971,"{'id': '88', 'path': [{'id': '87', 'name': 'Healthcare', '__typename': 'CategoryType'}, {'id': '88', 'name': 'Home Medical Tools', '__typename': 'CategoryType'}], '__typename': 'CategoryType'}",2024-05-22T07:29:40.649097+00:00,"{'id': '3090382', 'filePath': 'media/prints/864751/images/6639661_b9d159e5-176e-4655-b610-c3cf107d8be2_5e29d7be-f17b-4a72-b5e5-16b6362322b8/20240422_194320.jpg', 'rotation': 0, '__typename': 'PrintImageType'}",False,False,,"{'id': '1502409', 'publicUsername': 'Rober7Crow', 'avatarFilePath': 'media/auth/9bfee21e-e64f-44f2-a95d-dedd14af9768.png', 'handle': 'Rober7Crow_1502409', 'company': False, 'verified': False, 'badgesProfileLevel': {'profileLevel': 9, '__typename': 'BadgesProfileLevelType'}, '__typename': 'UserType'}",,PrintType
860826,Quick release clamp,quick-release-clamp,5.0000000000,949,,2024-05-21T03:14:05.027993+00:00,,2024-04-28T18:46:33.436667+00:00,1362,"{'id': '51', 'path': [{'id': '48', 'name': 'Hobby & Makers', '__typename': 'CategoryType'}, {'id': '51', 'name': 'Mechanical Parts', '__typename': 'CategoryType'}], '__typename': 'CategoryType'}",2024-05-21T03:14:05.050669+00:00,"{'id': '3078766', 'filePath': 'media/prints/860826/images/6614612_2791e4f1-228b-4437-8b1e-d346224821cd_5d7cb894-0141-429e-a27e-4973cdf284b4/quick-release-clamp.png', 'rotation': 0, '__typename': 'PrintImageType'}",False,False,,"{'id': '754576', 'publicUsername': 'Bebe', 'avatarFilePath': 'media/auth/avatars/2f/2f4dfc81-5476-40a0-9b19-26397beee6d4.jpg', 'handle': 'Bebe_754576', 'company': False, 'verified': False, 'badgesProfileLevel': {'profileLevel': 11, '__typename': 'BadgesProfileLevelType'}, '__typename': 'UserType'}",,PrintType
858198,Ninja Cats Stacking Game,ninja-cats-stacking-game,5.0000000000,576,,2024-04-27T15:39:23.409268+00:00,,2024-04-26T14:47:25.898870+00:00,1033,"{'id': '47', 'path': [{'id': '30', 'name': 'Toys & Games', '__typename': 'CategoryType'}, {'id': '47', 'name': 'Other Toys & Games', '__typename': 'CategoryType'}], '__typename': 'CategoryType'}",2024-04-27T15:39:23.429058+00:00,"{'id': '3070820', 'filePath': 'media/prints/858198/images/6595218_faffb4d5-4fda-4b18-84bb-1b6cded07140_69194b23-bda0-4cba-ac55-b212e2aedc24/cover.png', 'rotation': 0, '__typename': 'PrintImageType'}",False,False,,"{'id': '1760112', 'publicUsername': 'Valeria Momo', 'avatarFilePath': 'media/auth/13a61666-9df1-44b5-b2f5-92930a504b99.png', 'handle': 'ValeriaMomo', 'company': False, 'verified': False, 'badgesProfileLevel': {'profileLevel': 17, '__typename': 'BadgesProfileLevelType'}, '__typename': 'UserType'}",,PrintType
875491,Skadis Box collection,skadis-box-collection,5.0000000000,427,,2024-05-10T19:03:19.135979+00:00,,2024-05-10T19:03:19.132526+00:00,321,"{'id': '50', 'path': [{'id': '48', 'name': 'Hobby & Makers', '__typename': 'CategoryType'}, {'id': '50', 'name': 'Organizers', '__typename': 'CategoryType'}], '__typename': 'CategoryType'}",2024-05-10T19:03:19.153880+00:00,"{'id': '3124779', 'filePath': 'media/prints/875491/images/6716440_1c615edb-bd06-4352-97b9-1c9e087894bc_7d2bb4fc-00be-4f8f-9277-125e5307b0c9/1.jpg', 'rotation': 0, '__typename': 'PrintImageType'}",False,False,,"{'id': '1736088', 'publicUsername': 'Sergej', 'avatarFilePath': 'media/auth/avatars/5f/5f47a68d-028a-4d14-95c7-25a19671aa7d.jpg', 'handle': 'Sergej_1736088', 'company': False, 'verified': False, 'badgesProfileLevel': {'profileLevel': 10, '__typename': 'BadgesProfileLevelType'}, '__typename': 'UserType'}",,PrintType
869368,Stealth Press ZERO (Small Footprint Heat Set Insert Press),stealth-press-zero-small-footprint-heat-set-insert,5.0000000000,443,,2024-05-15T13:01:55.196430+00:00,,2024-05-15T10:10:25.893958+00:00,531,"{'id': '49', 'path': [{'id': '48', 'name': 'Hobby & Makers', '__typename': 'CategoryType'}, {'id': '49', 'name': 'Tools', '__typename': 'CategoryType'}], '__typename': 'CategoryType'}",2024-05-15T13:01:55.219065+00:00,"{'id': '3112268', 'filePath': 'media/prints/869368/images/6689138_5c4ec0f9-e152-4937-b5b5-a8bd23b36f45_1fc3c3c0-31e6-4d17-a365-e4d61c47016f/001-hero-r11-2x.png', 'rotation': 0, '__typename': 'PrintImageType'}",False,False,,"{'id': '171725', 'publicUsername': 'Iconic FAB', 'avatarFilePath': 'media/auth/avatars/f4/f463ed19-5612-45bf-a7aa-b9d36f0db832.png', 'handle': 'IconicFAB', 'company': False, 'verified': False, 'badgesProfileLevel': {'profileLevel': 21, '__typename': 'BadgesProfileLevelType'}, '__typename': 'UserType'}",,PrintType
870407,Battery Dispenser AA & AAA,battery-dispenser-aa-aaa,5.0000000000,385,,2024-05-06T10:12:45.528073+00:00,,2024-05-06T10:12:45.524908+00:00,972,"{'id': '43', 'path': [{'id': '21', 'name': 'Gadgets', '__typename': 'CategoryType'}, {'id': '43', 'name': 'Other Gadgets', '__typename': 'CategoryType'}], '__typename': 'CategoryType'}",2024-05-06T10:12:45.545861+00:00,"{'id': '3108772', 'filePath': 'media/prints/870407/images/6681293_f9d3b02a-5f50-4d40-863a-6fabec00a5eb_b8b1d9b4-2290-471c-aee3-68800ecd7ec3/photo_2024-03-15_12-05-06.jpg', 'rotation': 0, '__typename': 'PrintImageType'}",False,False,,"{'id': '480411', 'publicUsername': 'FabioGhiro', 'avatarFilePath': 'media/auth/avatars/e4/e4f3c00e-cf6c-4306-bea7-2a29fa8bc42e.jpg', 'handle': 'FabioGhiro_480411', 'company': False, 'verified': False, 'badgesProfileLevel': {'profileLevel': 13, '__typename': 'BadgesProfileLevelType'}, '__typename': 'UserType'}",,PrintType
870468,"Improving fine motor skills, designing a 3D FDM printed orthosis to assist in the rehabilitation of individuals with hand spasticity",improving-fine-motor-skills-designing-a-3d-fdm-pri,5.0000000000,522,,2024-05-06T11:44:59.373624+00:00,,2024-05-06T11:44:59.369847+00:00,466,"{'id': '88', 'path': [{'id': '87', 'name': 'Healthcare', '__typename': 'CategoryType'}, {'id': '88', 'name': 'Home Medical Tools', '__typename': 'CategoryType'}], '__typename': 'CategoryType'}",2024-05-06T11:44:59.393151+00:00,"{'id': '3108954', 'filePath': 'media/prints/870468/images/6681674_91bd285d-d80f-432a-97f0-f5b81123f789_7620bb47-ecf1-4200-9757-313b50647695/make-me-2024_usprawnianie-malej-motoryki-projekt-ortezy-w-technologii-druku-3d-fdm-wspomagajacej-rehabilitacje-osob-ze-spastycznoscia-dloni_3.jpg', 'rotation': 0, '__typename': 'PrintImageType'}",False,False,,"{'id': '2053105', 'publicUsername': 'Piotrownik', 'avatarFilePath': 'media/auth/avatars/68/688231df-352f-44b8-a05c-1338532929e0.jpg', 'handle': 'Piotrownik_2053105', 'company': False, 'verified': False, 'badgesProfileLevel': {'profileLevel': 4, '__typename': 'BadgesProfileLevelType'}, '__typename': 'UserType'}",,PrintType
871468,ISO 7010 - Fire protection Signs,iso-7010-fire-protection-signs,0E-10,473,,2024-05-19T17:52:30.041684+00:00,,2024-05-07T07:32:56.091790+00:00,623,"{'id': '16', 'path': [{'id': '13', 'name': 'Art & Design', '__typename': 'CategoryType'}, {'id': '16', 'name': '2D Plates & Logos', '__typename': 'CategoryType'}], '__typename': 'CategoryType'}",2024-05-19T17:52:30.064394+00:00,"{'id': '3112118', 'filePath': 'media/prints/871468/images/6688462_3da1b10d-b3aa-401a-ba47-9ec45adba834_a601ac41-5fa5-492a-a8f1-fbd192a56236/fire-protection-cover.png', 'rotation': 0, '__typename': 'PrintImageType'}",False,False,,"{'id': '1359853', 'publicUsername': 'Drunken Monkey', 'avatarFilePath': 'media/auth/39b80d92-e9d3-4db7-b273-4afeebb9fb1a.png', 'handle': 'DrunknMonkey_1359853', 'company': False, 'verified': False, 'badgesProfileLevel': {'profileLevel': 8, '__typename': 'BadgesProfileLevelType'}, '__typename': 'UserType'}",,PrintType
871463,ISO 7010 - Safe condition Signs,iso-7010-safe-condition-signs,5.0000000000,431,,2024-05-19T17:53:07.487359+00:00,,2024-05-07T07:33:41.402068+00:00,616,"{'id': '16', 'path': [{'id': '13', 'name': 'Art & Design', '__typename': 'CategoryType'}, {'id': '16', 'name': '2D Plates & Logos', '__typename': 'CategoryType'}], '__typename': 'CategoryType'}",2024-05-19T17:53:07.523636+00:00,"{'id': '3112094', 'filePath': 'media/prints/871463/images/6688407_d3096dd1-a60d-4e2b-ba18-84a91aa5523b_da5d52ed-b234-4d8b-8a1f-506514db6ab8/safe-condition-cover.png', 'rotation': 0, '__typename': 'PrintImageType'}",False,False,,"{'id': '1359853', 'publicUsername': 'Drunken Monkey', 'avatarFilePath': 'media/auth/39b80d92-e9d3-4db7-b273-4afeebb9fb1a.png', 'handle': 'DrunknMonkey_1359853', 'company': False, 'verified': False, 'badgesProfileLevel': {'profileLevel': 8, '__typename': 'BadgesProfileLevelType'}, '__typename': 'UserType'}",,PrintType
867968,"Classic bird feeder, octagonal house.",classic-bird-feeder-octagonal-house,5.0000000000,572,,2024-05-04T14:22:44.279469+00:00,,2024-05-04T14:22:44.274961+00:00,890,"{'id': '53', 'path': [{'id': '3', 'name': 'Household', '__typename': 'CategoryType'}, {'id': '53', 'name': 'Outdoor & Garden', '__typename': 'CategoryType'}], '__typename': 'CategoryType'}",2024-05-04T14:22:44.298167+00:00,"{'id': '3099889', 'filePath': 'media/prints/867968/images/6662708_2857f188-f55c-40ea-9fc5-17aaf40395a2_65bedc7e-89c1-4192-a21b-a78bbff93b82/img_1436.jpg', 'rotation': 0, '__typename': 'PrintImageType'}",False,False,,"{'id': '1759157', 'publicUsername': 'Techro3D', 'avatarFilePath': 'media/auth/avatars/e6/e6e2b609-f4d3-410f-ace0-e6482840736d.png', 'handle': 'Techro3D_1759157', 'company': False, 'verified': False, 'badgesProfileLevel': {'profileLevel': 8, '__typename': 'BadgesProfileLevelType'}, '__typename': 'UserType'}",,PrintType
858728,KitchenAid Attachments Holder,kitchenaid-attachments-holder,4.6666666667,706,,2024-05-05T00:58:26.896366+00:00,,2024-04-26T23:05:23.465764+00:00,1213,"{'id': '4', 'path': [{'id': '3', 'name': 'Household', '__typename': 'CategoryType'}, {'id': '4', 'name': 'Kitchen', '__typename': 'CategoryType'}], '__typename': 'CategoryType'}",2024-05-05T00:58:26.912791+00:00,"{'id': '3072562', 'filePath': 'media/prints/858728/images/6599328_bbfaee5a-c935-4724-a6b3-15e751f1efee_d27133c1-c3f2-40c5-a174-47ea6c862e7f/capture2.png', 'rotation': 0, '__typename': 'PrintImageType'}",False,False,,"{'id': '1237423', 'publicUsername': 'Hart 3D Prints', 'avatarFilePath': 'media/auth/avatars/a7/a78ed303-7662-4b70-9762-2c687b2ada90.png', 'handle': 'Laine_1237423', 'company': False, 'verified': False, 'badgesProfileLevel': {'profileLevel': 16, '__typename': 'BadgesProfileLevelType'}, '__typename': 'UserType'}",,PrintType
882650,Spirograph drawing template,spirograph-drawing-template,5.0000000000,307,,2024-05-21T00:16:05.347116+00:00,,2024-05-17T14:06:53.843169+00:00,563,"{'id': '41', 'path': [{'id': '13', 'name': 'Art & Design', '__typename': 'CategoryType'}, {'id': '41', 'name': 'Other Art & Designs', '__typename': 'CategoryType'}], '__typename': 'CategoryType'}",2024-05-21T00:16:05.370415+00:00,"{'id': '3153898', 'filePath': 'media/prints/882650/images/6780613_641cc9b7-47de-4ad7-8e33-24775c70929d_34f32592-13a3-4a8a-bd43-02d0a269f7b8/1_thumbnail.png', 'rotation': 0, '__typename': 'PrintImageType'}",False,False,,"{'id': '1210943', 'publicUsername': 'Molodos', 'avatarFilePath': 'media/auth/avatars/30/307e2cc0-72fa-4478-9859-0e7e24a55b44.png', 'handle': 'Molodos', 'company': False, 'verified': False, 'badgesProfileLevel': {'profileLevel': 17, '__typename': 'BadgesProfileLevelType'}, '__typename': 'UserType'}",,PrintType
859035,Pelota de ping pong sin aire 2.0,pelota-de-ping-pong-sin-aire-20,5.0000000000,540,,2024-04-27T09:22:22.745324+00:00,,2024-04-27T09:22:22.741322+00:00,2486,"{'id': '40', 'path': [{'id': '1', 'name': '3D Printers', '__typename': 'CategoryType'}, {'id': '40', 'name': 'Accessories', '__typename': 'CategoryType'}], '__typename': 'CategoryType'}",2024-04-27T09:22:22.760435+00:00,"{'id': '3073531', 'filePath': 'media/prints/859035/images/6602028_381ab51f-816d-4f4c-a70e-a94286f3592e_e73c06a8-8754-4758-9452-c3536266b0dd/fe8d4dbd-2083-4421-b426-20571217eb58.png', 'rotation': 0, '__typename': 'PrintImageType'}",False,False,,"{'id': '1932110', 'publicUsername': 'mgg gg', 'avatarFilePath': 'media/auth/862f8e2f-d69f-49b3-8238-063f6c19f9e9.png', 'handle': 'mgggg_1932110', 'company': False, 'verified': False, 'badgesProfileLevel': {'profileLevel': 11, '__typename': 'BadgesProfileLevelType'}, '__typename': 'UserType'}",,PrintType
883816,Tracing ruler,tracing-ruler,5.0000000000,236,,2024-05-23T18:25:07.593193+00:00,,2024-05-18T15:03:11.425772+00:00,289,"{'id': '49', 'path': [{'id': '48', 'name': 'Hobby & Makers', '__typename': 'CategoryType'}, {'id': '49', 'name': 'Tools', '__typename': 'CategoryType'}], '__typename': 'CategoryType'}",2024-05-23T18:25:07.613887+00:00,"{'id': '3160515', 'filePath': 'media/prints/883816/images/6795402_efa9fcfa-de5e-4ee1-bae7-faad746c2093_48dca2ad-ee36-4e99-b10e-46f8b0ea68eb/img_20240521_151922.jpg', 'rotation': 0, '__typename': 'PrintImageType'}",False,False,,"{'id': '1742951', 'publicUsername': 'Zdrapek', 'avatarFilePath': 'media/auth/avatars/59/592044fc-73f4-46df-aa37-4a04dd876396.jpg', 'handle': 'Zdrapek_1742951', 'company': False, 'verified': False, 'badgesProfileLevel': {'profileLevel': 17, '__typename': 'BadgesProfileLevelType'}, '__typename': 'UserType'}",,PrintType
877693,Articulated Demon Dragon,articulated-demon-dragon,0E-10,306,,2024-05-25T11:19:13.099402+00:00,,2024-05-12T20:05:32.507570+00:00,1094,"{'id': '14', 'path': [{'id': '13', 'name': 'Art & Design', '__typename': 'CategoryType'}, {'id': '14', 'name': 'Sculptures', '__typename': 'CategoryType'}], '__typename': 'CategoryType'}",2024-05-25T11:19:13.122975+00:00,"{'id': '3131622', 'filePath': 'media/prints/877693/images/6731397_0646e6f7-4f1c-4b47-a621-0628b2cb1b72_6d86c635-17e0-43ba-be37-a079e385d17d/img_0521.jpg', 'rotation': 0, '__typename': 'PrintImageType'}",False,False,,"{'id': '285580', 'publicUsername': 'P1lotz', 'avatarFilePath': 'media/auth/avatars/9a/9a947dd2-848d-4741-8a4f-cd9d52dceee5.png', 'handle': 'P1lotz', 'company': False, 'verified': False, 'badgesProfileLevel': {'profileLevel': 16, '__typename': 'BadgesProfileLevelType'}, '__typename': 'UserType'}",,PrintType
866943,Fidget: Squish Fidget,fidget-squish-fidget,4.8500000000,493,,2024-05-21T17:46:19.001313+00:00,,2024-05-03T17:31:53.129338+00:00,2637,"{'id': '47', 'path': [{'id': '30', 'name': 'Toys & Games', '__typename': 'CategoryType'}, {'id': '47', 'name': 'Other Toys & Games', '__typename': 'CategoryType'}], '__typename': 'CategoryType'}",2024-05-21T17:46:19.018349+00:00,"{'id': '3096880', 'filePath': 'media/prints/866943/images/6655338_cc7eb3cc-efd8-41cb-95da-2c222d2e68c0_7c679e33-cbfb-4955-aec7-088e656c66f5/20240503_182612.jpg', 'rotation': 0, '__typename': 'PrintImageType'}",False,False,,"{'id': '848697', 'publicUsername': 'Luke Woolley', 'avatarFilePath': 'media/auth/avatars/b6/b651a2e6-f33c-4231-bc6a-759ec247932b.jpg', 'handle': 'LukeWoolley_848697', 'company': False, 'verified': False, 'badgesProfileLevel': {'profileLevel': 19, '__typename': 'BadgesProfileLevelType'}, '__typename': 'UserType'}",,PrintType
865449,Caliper Case,caliper-case,4.9166666667,446,,2024-05-07T10:02:50.993725+00:00,,2024-05-02T12:42:32.778273+00:00,1190,"{'id': '40', 'path': [{'id': '1', 'name': '3D Printers', '__typename': 'CategoryType'}, {'id': '40', 'name': 'Accessories', '__typename': 'CategoryType'}], '__typename': 'CategoryType'}",2024-05-07T10:02:51.627549+00:00,"{'id': '3092563', 'filePath': 'media/prints/865449/images/6644849_994c8f43-ac2f-43f8-9068-fc9534df104e_ceb1df0e-9bb4-4c14-b875-6cf947cd87ea/schuifmaatklem-1.webp', 'rotation': 0, '__typename': 'PrintImageType'}",False,False,,"{'id': '950851', 'publicUsername': 'Jarne Vanderveken', 'avatarFilePath': 'media/auth/6b50d640-a7f9-48b0-a079-9eb980d1c2e6.png', 'handle': 'JarneVanderve_950851', 'company': False, 'verified': False, 'badgesProfileLevel': {'profileLevel': 9, '__typename': 'BadgesProfileLevelType'}, '__typename': 'UserType'}",,PrintType
