Player,2020/2021,2021/2022,2022/2023
Stephen Curry,"43,006,362",,
Chris Paul,"41,358,814",,
Russell Westbrook,"41,358,814",,
James Harden,"41,254,920",,
John Wall,"41,254,920",,
Kevin Durant,"40,108,950",,
LeBron James,"39,219,566",,
Paul George,"35,450,412",,
Klay Thompson,"35,361,360",,
Mike Conley,"34,502,132",,
Kemba Walker,"34,379,100",,
Kawhi Leonard,"34,379,100",,
Jimmy Butler,"34,379,100",,
Tobias Harris,"34,358,850",,
Blake Griffin,"33,900,241",,
Kyrie Irving,"33,722,850",,
Khris Middleton,"33,051,724",,
Anthony Davis,"32,742,000",,
Damian Lillard,"31,626,953",,
Kevin Love,"31,258,256",,
Ben Simmons,"30,559,200",,
Pascal Siakam,"30,559,200",,
Kyle Lowry,"30,500,000",,
Steven Adams,"29,592,695",,
Nikola Jokic,"29,542,010",,
Andrew Wiggins,"29,542,010",,
Joel Embiid,"29,542,010",,
Kristaps Porzingis,"29,467,800",,
Karl-Anthony Towns,"29,467,800",,
Devin Booker,"29,467,800",,
CJ McCollum,"29,354,152",,
Andre Drummond,"28,751,774",,
Bradley Beal,"28,751,774",,
D'Angelo Russell,"28,649,250",,
Gordon Hayward,"28,500,000",,
Otto Porter,"28,489,239",,
DeMar DeRozan,"27,739,975",,
Giannis Antetokounmpo,"27,528,088",,
Rudy Gobert,"27,525,281",,
Al Horford,"27,500,000",,
Jamal Murray,"27,285,000",,
Brandon Ingram,"27,285,000",,
Jrue Holiday,"27,026,011",,
Nikola Vucevic,"26,000,000",,
Jaylen Brown,"25,035,118",,
Buddy Hield,"24,931,817",,
Draymond Green,"22,246,956",,
Harrison Barnes,"22,215,909",,
Fred VanVleet,"21,250,000",,
Victor Oladipo,"21,000,000",,
Malcolm Brogdon,"20,700,000",,
Julius Randle,"19,845,000",,
Domantas Sabonis,"19,800,000",,
Gary Harris,"19,610,714",,
Danilo Gallinari,"19,500,000",,
Zach LaVine,"19,500,000",,
Jerami Grant,"19,050,000",,
Tim Hardaway Jr,"18,975,000",,
Terry Rozier,"18,900,000",,
Aaron Gordon,"18,136,364",,
Clint Capela,"18,000,000",,
Bogdan Bogdanovic,"18,000,000",,
Myles Turner,"18,000,000",,
Goran Dragic,"18,000,000",,
Bojan Bogdanovic,"17,850,000",,
LaMarcus Aldridge,"17,628,340",,
Gorgui Dieng,"17,587,688",,
Evan Fournier,"17,150,000",,
Ricky Rubio,"17,000,000",,
Eric Bledsoe,"16,875,000",,
Eric Gordon,"16,869,267",,
Caris LeVert,"16,203,704",,
Joe Harris,"16,071,429",,
James Johnson,"16,047,100",,
Dennis Schroeder,"15,500,000",,
Cody Zeller,"15,415,730",,
Danny Green,"15,365,853",,
Jonas Valanciunas,"15,000,000",,
Andre Iguodala,"15,000,000",,
Davis Bertans,"15,000,000",,
Marcus Morris,"14,883,721",,
Rudy Gay,"14,500,000",,
Kelly Oubre,"14,375,000",,
Dejounte Murray,"14,286,000",,
Will Barton,"13,723,214",,
Thaddeus Young,"13,545,000",,
Patrick Mills,"13,535,714",,
Terrence Ross,"13,500,000",,
Malik Beasley,"13,425,895",,
Patrick Beverley,"13,333,333",,
Christian Wood,"13,015,874",,
JJ Redick,"13,013,700",,
Justise Winslow,"13,000,000",,
Marcus Smart,"12,946,428",,
Jusuf Nurkic,"12,888,889",,
Kelly Olynyk,"12,819,650",,
Trevor Ariza,"12,800,000",,
Brook Lopez,"12,697,675",,
Dion Waiters,"12,650,000",,
Cory Joseph,"12,600,000",,
Markelle Fultz,"12,288,697",,
Taurean Prince,"12,250,000",,
Tony Snell,"12,178,571",,
Robert Covington,"12,138,345",,
Kentavious Caldwell-Pope,"12,073,020",,
TJ Warren,"12,000,000",,
Larry Nance Jr,"11,709,091",,
Nicolas Batum,"11,608,231",,
Jordan Clarkson,"11,500,000",,
Spencer Dinwiddie,"11,454,048",,
Dillon Brooks,"11,400,000",,
Dwight Powell,"11,080,125",,
Lonzo Ball,"11,003,782",,
Josh Richardson,"10,865,952",,
Norman Powell,"10,865,952",,
Jeremy Lamb,"10,500,000",,
DeAndre Jordan,"10,375,678",,
Joe Ingles,"10,363,637",,
Zion Williamson,"10,245,480",,
Paul Millsap,"10,100,000",,
Rodney Hood,"10,047,450",,
Deandre Ayton,"10,018,200",,
Tomas Satoransky,"10,000,000",,
Jayson Tatum,"9,897,120",,
Anthony Edwards,"9,757,440",,
Al-Farouq Aminu,"9,720,900",,
Dante Exum,"9,600,000",,
George Hill,"9,590,602",,
De'Anthony Melton,"9,571,712",,
Kyle Anderson,"9,505,100",,
Meyers Leonard,"9,400,000",,
Tristan Thompson,"9,258,000",,
Serge Ibaka,"9,258,000",,
Montrezl Harrell,"9,258,000",,
Jae Crowder,"9,258,000",,
Derrick Jones,"9,258,000",,
Derrick Favors,"9,258,000",,
Dario Saric,"9,250,000",,
Ja Morant,"9,166,800",,
Delon Wright,"9,000,000",,
Marvin Bagley,"8,963,640",,
Cedi Osman,"8,840,580",,
Tyus Jones,"8,817,143",,
James Wiseman,"8,730,240",,
Royce O'Neale,"8,500,000",,
Maxi Kleber,"8,475,000",,
Thomas Bryant,"8,333,333",,
RJ Barrett,"8,231,760",,
Jakob Poeltl,"8,101,852",,
De'Aaron Fox,"8,099,627",,
Luka Doncic,"8,049,360",,
Louis Williams,"8,000,000",,
Mason Plumlee,"8,000,000",,
PJ Tucker,"7,969,537",,
LaMelo Ball,"7,839,960",,
Seth Curry,"7,834,449",,
Derrick Rose,"7,682,926",,
Cristiano Felicio,"7,529,020",,
Rajon Rondo,"7,500,000",,
De'Andre Hunter,"7,422,000",,
Jonathan Isaac,"7,362,565",,
Doug McDermott,"7,333,333",,
Robin Lopez,"7,300,000",,
Jaren Jackson Jr,"7,257,360",,
JaMychal Green,"7,199,760",,
Nemanja Bjelica,"7,150,000",,
Patrick Williams,"7,068,360",,
Ivica Zubac,"7,000,000",,
Darius Miller,"7,000,000",,
Aron Baynes,"7,000,000",,
Jabari Parker,"6,930,729",,
Lauri Markkanen,"6,731,508",,
Darius Garland,"6,720,720",,
DJ Augustin,"6,666,667",,
Trae Young,"6,571,800",,
Chris Boucher,"6,500,000",,
Juan Hernangomez,"6,493,000",,
Joakim Noah,"6,431,666",,
Isaac Okoro,"6,400,920",,
Frank Ntilikina,"6,176,578",,
DeMarre Carroll,"6,119,676",,
Jarrett Culver,"6,104,280",,
Alec Burks,"6,000,000",,
Ishmael Smith,"6,000,000",,
Mo Bamba,"5,969,040",,
Onyeka Okongwu,"5,813,640",,
Justin Holiday,"5,720,400",,
Dennis Smith,"5,686,677",,
Avery Bradley,"5,635,000",,
Timofey Mozgov,"5,573,333",,
Coby White,"5,572,680",,
Trey Lyles,"5,500,000",,
Wendell Carter,"5,448,840",,
Zach Collins,"5,406,255",,
Malik Monk,"5,345,687",,
Killian Hayes,"5,307,120",,
Luke Kennard,"5,273,826",,
Ryan Anderson,"5,214,583",,
Donovan Mitchell,"5,195,501",,
Rodney McGruder,"5,192,307",,
Bam Adebayo,"5,115,492",,
Justin Jackson,"5,109,637",,
Jaxson Hayes,"5,105,160",,
Ed Davis,"5,005,350",,
Mike Scott,"5,005,350",,
Enes Kanter,"5,005,350",,
Richaun Holmes,"5,005,350",,
Daniel Theis,"5,000,000",,
Luol Deng,"5,000,000",,
Nerlens Noel,"5,000,000",,
Collin Sexton,"4,991,880",,
Pat Connaughton,"4,938,273",,
Obi Toppin,"4,862,040",,
Kevon Looney,"4,821,429",,
Kris Dunn,"4,767,000",,
Garrett Temple,"4,767,000",,
Josh Jackson,"4,767,000",,
Elfrid Payton,"4,767,000",,
Rui Hachimura,"4,692,840",,
Denzel Valentine,"4,642,800",,
Kevin Knox,"4,588,680",,
DJ Wilson,"4,548,280",,
Deni Avdija,"4,469,160",,
Cam Reddish,"4,458,000",,
TJ Leaf,"4,431,423",,
Mikal Bridges,"4,359,000",,
Jalen Smith,"4,245,720",,
Cameron Johnson,"4,235,160",,
JaVale McGee,"4,200,000",,
Reggie Bullock,"4,200,000",,
Shai Gilgeous-Alexander,"4,141,320",,
John Collins,"4,137,302",,
Willie Cauley-Stein,"4,100,000",,
Devin Vassell,"4,033,440",,
PJ Washington,"4,023,600",,
Dorian Finney-Smith,"4,000,000",,
Patrick McCaw,"4,000,000",,
Alex Len,"3,970,648",,
Terrance Ferguson,"3,944,013",,
Miles Bridges,"3,934,320",,
Austin Rivers,"3,929,049",,
Jevon Carter,"3,925,000",,
Jarrett Allen,"3,909,902",,
Nicolo Melli,"3,897,436",,
OG Anunoby,"3,872,215",,
Gabriel Deck,"3,870,370",,
Tyrese Haliburton,"3,831,840",,
Tyler Herro,"3,822,240",,
Patrick Patterson,"3,814,771",,
Stanley Johnson,"3,804,150",,
Jake Layman,"3,761,085",,
Jerome Robinson,"3,737,520",,
Danuel House,"3,717,000",,
Kira Lewis,"3,640,200",,
Romeo Langford,"3,631,200",,
Wesley Matthews,"3,623,000",,
Bobby Portis,"3,623,000",,
Moe Harkless,"3,623,000",,
Wayne Ellington,"3,564,753",,
Kyle Kuzma,"3,562,178",,
Michael Porter,"3,550,800",,
Tony Bradley,"3,542,060",,
Derrick White,"3,516,284",,
Bismack Biyombo,"3,500,000",,
Boban Marjanovic,"3,500,000",,
TJ McConnell,"3,500,000",,
Luca Vildoza,"3,500,000",,
Josh Hart,"3,491,159",,
Aaron Nesmith,"3,458,400",,
Sekou Doumbouya,"3,449,400",,
Dewayne Dedmon,"3,447,478",,
Troy Brown,"3,372,840",,
Jeff Teague,"3,372,826",,
Michael Carter-Williams,"3,300,000",,
James Ennis,"3,300,000",,
Cole Anthony,"3,285,120",,
Taj Gibson,"3,283,684",,
Facundo Campazzo,"3,200,000",,
Jon Leuer,"3,169,348",,
Isaiah Stewart,"3,121,080",,
Chuma Okeke,"3,121,080",,
Nickeil Alexander-Walker,"3,113,160",,
DeMarcus Cousins,"3,051,832",,
Donte DiVincenzo,"3,044,160",,
Khem Birch,"3,011,499",,
Ryan Arcidiacono,"3,000,000",,
Trey Burke,"3,000,000",,
Aleksej Pokusevski,"2,964,840",,
Goga Bitadze,"2,957,520",,
Lonnie Walker,"2,895,720",,
Ben McLemore,"2,893,630",,
Andrew Nicholson,"2,844,429",,
Luka Samanic,"2,824,320",,
Josh Green,"2,816,760",,
Kevin Huerter,"2,761,920",,
Alex Caruso,"2,750,000",,
Marko Guduric,"2,750,000",,
Matisse Thybulle,"2,711,280",,
Saddiq Bey,"2,689,920",,
Josh Okogie,"2,651,040",,
Vincent Poirier,"2,619,207",,
Brandon Clarke,"2,602,920",,
Precious Achiuwa,"2,582,160",,
Jeff Green,"2,564,753",,
Jose Juan Barea,"2,564,753",,
Marc Gasol,"2,564,753",,
Jared Dudley,"2,564,753",,
Udonis Haslem,"2,564,753",,
Dwight Howard,"2,564,753",,
Carmelo Anthony,"2,564,753",,
Grayson Allen,"2,545,320",,
Grant Williams,"2,498,760",,
Tyrese Maxey,"2,478,840",,
Chandler Hutchison,"2,443,440",,
Mfiondu Kabengele,"2,432,353",,
Darius Bazley,"2,399,160",,
Moritz Wagner,"2,383,915",,
Zeke Nnaji,"2,379,840",,
Aaron Holiday,"2,345,640",,
Bryn Forbes,"2,337,145",,
Reggie Jackson,"2,331,593",,
Markieff Morris,"2,331,593",,
E'Twaun Moore,"2,331,593",,
Kent Bazemore,"2,320,044",,
Hassan Whiteside,"2,320,044",,
Ty Jerome,"2,303,040",,
Mike Muscala,"2,283,034",,
Anfernee Simons,"2,252,040",,
Luke Kornet,"2,250,000",,
Brad Wanamaker,"2,250,000",,
Monta Ellis,"2,245,400",,
Nassir Little,"2,210,640",,
RJ Hampton,"2,193,480",,
Solomon Hill,"2,174,318",,
Matthew Dellavedova,"2,174,318",,
Edmond Sumner,"2,160,000",,
Anderson Varejao,"2,141,713",,
Dylan Windler,"2,137,440",,
Immanuel Quickley,"2,105,520",,
John Konchar,"2,100,000",,
Landry Shamet,"2,090,040",,
Jordan Poole,"2,063,280",,
Bol Bol,"2,058,240",,
Keldon Johnson,"2,048,040",,
Payton Pritchard,"2,035,800",,
Robert Williams,"2,029,920",,
Tyler Johnson,"2,028,594",,
Bruno Caboclo,"2,028,594",,
Langston Galloway,"2,028,594",,
Gary Clark,"2,018,458",,
Jacob Evans,"2,017,320",,
Spencer Hawes,"2,007,058",,
Dzanan Musa,"2,002,800",,
Damyean Dotson,"2,000,000",,
Kenrich Williams,"2,000,000",,
Theo Maledon,"2,000,000",,
Omari Spellman,"1,988,280",,
Quinn Cook,"1,981,649",,
Mario Hezonja,"1,977,011",,
Cameron Payne,"1,977,011",,
Udoka Azubuike,"1,977,000",,
Jaden McDaniels,"1,964,760",,
Malachi Flynn,"1,950,600",,
Desmond Bane,"1,936,440",,
Jontay Porter,"1,900,000",,
Jahlil Okafor,"1,882,867",,
JaKarr Sampson,"1,882,867",,
Raul Neto,"1,882,867",,
Larry Sanders,"1,865,546",,
Timothe Luwawu,"1,824,003",,
David Nwaba,"1,824,003",,
Marquese Chriss,"1,824,003",,
Georges Niang,"1,783,557",,
Rodions Kurucs,"1,780,152",,
PJ Dozier,"1,762,796",,
Damion Lee,"1,762,796",,
Alfonzo McKinnie,"1,762,796",,
Furkan Korkmaz,"1,762,796",,
Semi Ojeleye,"1,752,950",,
Abdel Nader,"1,752,950",,
Thon Maker,"1,737,145",,
Willy Hernangomez,"1,737,145",,
Frank Kaminsky,"1,737,145",,
DeAndre Bembry,"1,737,145",,
Monte Morris,"1,723,707",,
Kevin Porter,"1,717,981",,
Brandon Goodwin,"1,701,593",,
Thanasis Antetokounmpo,"1,701,593",,
Shake Milton,"1,701,593",,
Ignas Brazdeikis,"1,686,315",,
Sterling Brown,"1,678,854",,
Wesley Iwundu,"1,678,854",,
Dwayne Bacon,"1,678,854",,
Torrey Craig,"1,678,854",,
Bruce Brown,"1,663,861",,
Devonte Graham,"1,663,861",,
Jalen Brunson,"1,663,861",,
Hamidou Diallo,"1,663,861",,
Duncan Robinson,"1,663,861",,
Kendrick Nunn,"1,663,861",,
Jarred Vanderbilt,"1,663,861",,
Mitchell Robinson,"1,663,861",,
Sviatoslav Mykhailiuk,"1,663,861",,
Gary Trent Jr,"1,663,861",,
Isaac Bonga,"1,663,861",,
Isaiah Hartenstein,"1,620,564",,
Wenyen Gabriel,"1,620,564",,
Josh Gray,"1,620,564",,
Harry Giles,"1,620,564",,
Drew Eubanks,"1,620,564",,
Bruno Fernando,"1,517,981",,
Carsen Edwards,"1,517,981",,
Nicolas Claxton,"1,517,981",,
Cody Martin,"1,517,981",,
Caleb Martin,"1,517,981",,
Jalen McDaniels,"1,517,981",,
Javonte Green,"1,517,981",,
Dean Wade,"1,517,981",,
Vlatko Cancar,"1,517,981",,
Eric Paschall,"1,517,981",,
Alen Smailagic,"1,517,981",,
Mychal Mulder,"1,517,981",,
Chris Clemons,"1,517,981",,
Jalen Lecque,"1,517,981",,
Terance Mann,"1,517,981",,
Talen Horton-Tucker,"1,517,981",,
KZ Okpala,"1,517,981",,
Naz Reid,"1,517,981",,
Jaylen Nowell,"1,517,981",,
Luguentz Dort,"1,517,981",,
Isaiah Roby,"1,517,981",,
Admiral Schofield,"1,517,981",,
Justin James,"1,517,981",,
Terence Davis,"1,517,981",,
Chris Silva,"1,517,981",,
Miye Oni,"1,517,981",,
Juwan Morgan,"1,517,981",,
Matt Thomas,"1,517,981",,
Daniel Gafford,"1,517,981",,
Robert Woodard,"1,500,000",,
Damian Jones,"1,487,284",,
JR Smith,"1,456,667",,
Jae'Sean Tate,"1,445,697",,
DaQuan Jeffries,"1,445,697",,
Kelan Martin,"1,445,697",,
Zylan Cheatham,"1,445,697",,
Paul Watson,"1,445,697",,
Vernon Carey,"1,350,000",,
Xavier Tillman,"1,300,000",,
Tyrell Terry,"1,289,846",,
Oshae Brissett,"1,255,493",,
Moses Brown,"1,250,000",,
Sindarius Thornwell,"1,235,889",,
Ersan Ilyasova,"1,194,542",,
Glenn Robinson III,"1,165,322",,
Zhaire Smith,"1,068,200",,
Khyri Thomas,"1,061,283",,
Guerschon Yabusele,"1,039,080",,
Norvel Pelle,"1,014,905",,
Nick Richards,"1,000,000",,
Lamar Stevens,"1,000,000",,
Jahmi'us Ramsey,"1,000,000",,
Kyle Singler,"999,200",,
Juan Toscano-Anderson,"943,963",,
Shaquille Harrison,"915,048",,
Chimezie Metu,"910,895",,
Deividas Sirvydis,"898,310",,
KJ Martin,"898,310",,
Daniel Oturu,"898,310",,
Jordan Nwora,"898,310",,
Sam Merrill,"898,310",,
Isaiah Joe,"898,310",,
CJ Elleby,"898,310",,
Tre Jones,"898,310",,
Elijah Hughes,"898,310",,
Anthony Gill,"898,310",,
Iman Shumpert,"803,044",,
Theo Pinson,"802,182",,
Yuta Watanabe,"737,996",,
Tremont Waters,"712,278",,
Frank Jackson,"699,115",,
Rayjon Tucker,"693,755",,
Tyler Cook,"693,141",,
Garrison Mathews,"688,052",,
Cole Aldrich,"685,340",,
Shaun Livingston,"666,666",,
Gabe Vincent,"660,750",,
Tacko Fall,"653,924",,
Max Strus,"647,098",,
Alize Johnson,"621,587",,
Anthony Tolliver,"614,838",,
Paul Reed,"609,128",,
Tim Frazier,"597,463",,
Jordan Bell,"592,368",,
Amir Coffey,"578,842",,
Naji Marshall,"538,391",,
Kyle Guy,"537,888",,
Markus Howard,"535,294",,
Skylar Mays,"532,218",,
Mamadi Diakite,"529,341",,
Nathan Knight,"522,989",,
Jared Harper,"520,487",,
Saben Lee,"516,836",,
Jarrell Brantley,"510,586",,
Jordan McLaughlin,"503,760",,
Rondae Hollis-Jefferson,"502,957",,
Reggie Perry,"489,148",,
Cassius Stanley,"470,690",,
Trent Forrest,"470,690",,
Dakari Johnson,"459,414",,
Chris Chiozza,"449,115",,
Grant Riller,"449,115",,
Nate Darling,"449,115",,
Devon Dotson,"449,115",,
Adam Mokoka,"449,115",,
Marques Bolden,"449,115",,
Tyler Bey,"449,115",,
Nate Hinton,"449,115",,
Nico Mannion,"449,115",,
Jay Scrubb,"449,115",,
Kostas Antetokounmpo,"449,115",,
Devontae Cacok,"449,115",,
Killian Tillie,"449,115",,
Sean McDermott,"449,115",,
Jaylen Adams,"449,115",,
Josh Hall,"449,115",,
Ty-Shon Alexander,"449,115",,
Keljin Blevins,"449,115",,
Quinndary Weatherspoon,"449,115",,
Keita Bates-Diop,"449,115",,
Jalen Harris,"449,115",,
Cassius Winston,"449,115",,
Yogi Ferrell,"444,149",,
Noah Vonleh,"427,725",,
Mason Jones,"424,544",,
Brodric Thomas,"412,202",,
Andre Roberson,"411,639",,
Donta Hall,"376,276",,
Brian Bowen,"375,321",,
Anzejs Pasecniks,"374,297",,
Freddie Gillespie,"363,015",,
AJ Hammons,"350,087",,
Karim Mane,"344,557",,
Will Magnay,"341,481",,
Greg Whittington,"332,252",,
Raymond Spalding,"289,156",,
Chasson Randle,"279,927",,
Justin Patton,"267,623",,
Gary Payton II,"249,864",,
Mike James,"237,648",,
Charlie Brown,"217,844",,
Anthony Lamb,"215,330",,
Justin Robinson,"198,040",,
Axel Toupane,"196,872",,
Henry Ellenson,"168,983",,
Ashton Hagans,"166,111",,
Isaiah Thomas,"159,698",,
John Henson,"158,907",,
Armoni Brooks,"135,362",,
Jordan Bone,"135,350",,
Jaylen Hoard,"129,209",,
Justin Anderson,"125,000",,
Amida Brimah,"123,056",,
Didi Louzada,"123,056",,
Troy Williams,"122,741",,
James Nunnally,"107,674",,
Demetrius Jackson,"92,857",,
Dakota Mathias,"86,132",,
Malik Fitts,"61,528",,
Jeremiah Martin,"58,452",,
Jerian Grant,"50,000",,
Louis King,"49,222",,
Cameron Oliver,"43,070",,
Cam Reynolds,"33,299",,
Tyler Hall,"25,000",,
Andrew White,"25,000",,
Elijah Bryant,"24,611",,
Caleb Homesley,"20,000",,
Stephen Curry,,"45,780,966",
John Wall,,"44,310,840",
James Harden,,"44,310,840",
Russell Westbrook,,"44,211,146",
Kevin Durant,,"42,018,900",
LeBron James,,"41,180,544",
Paul George,,"39,344,970",
Kawhi Leonard,,"39,344,900",
Giannis Antetokounmpo,,"39,344,900",
Damian Lillard,,"39,344,900",
Klay Thompson,,"37,980,720",
Jimmy Butler,,"36,016,200",
Tobias Harris,,"35,995,950",
Khris Middleton,,"35,500,000",
Anthony Davis,,"35,361,360",
Rudy Gobert,,"35,344,828",
Kyrie Irving,,"35,328,700",
Kemba Walker,,"34,967,442",
Bradley Beal,,"33,724,200",
Ben Simmons,,"33,003,936",
Pascal Siakam,,"33,003,936",
Blake Griffin,,"32,405,817",
Karl-Anthony Towns,,"31,650,600",
Devin Booker,,"31,650,600",
Kristaps Porzingis,,"31,650,600",
Andrew Wiggins,,"31,579,390",
Joel Embiid,,"31,579,390",
Kevin Love,,"31,258,256",
Jrue Holiday,,"31,171,333",
Nikola Jokic,,"31,044,906",
CJ McCollum,,"30,864,198",
Chris Paul,,"30,800,000",
D'Angelo Russell,,"30,013,500",
Gordon Hayward,,"29,925,000",
Jamal Murray,,"29,467,800",
Brandon Ingram,,"29,467,800",
Jayson Tatum,,"28,103,500",
Bam Adebayo,,"28,103,500",
De'Aaron Fox,,"28,103,500",
Donovan Mitchell,,"28,103,500",
Al Horford,,"27,000,000",
Kyle Lowry,,"26,984,128",
Jaylen Brown,,"26,758,928",
DeMar DeRozan,,"26,000,000",
Draymond Green,,"24,026,712",
Nikola Vucevic,,"24,000,000",
Buddy Hield,,"23,073,234",
John Collins,,"23,000,000",
Malcolm Brogdon,,"21,700,000",
Tim Hardaway Jr,,"21,306,816",
Mike Conley,,"21,000,000",
Gary Harris,,"20,932,143",
Danilo Gallinari,,"20,475,000",
Harrison Barnes,,"20,284,091",
Jerami Grant,,"20,002,500",
Jarrett Allen,,"20,000,000",
Julius Randle,,"19,800,000",
Fred VanVleet,,"19,675,926",
Zach LaVine,,"19,500,000",
Goran Dragic,,"19,348,907",
Spencer Dinwiddie,,"19,314,284",
Bojan Bogdanovic,,"18,700,000",
Lonzo Ball,,"18,604,651",
Domantas Sabonis,,"18,500,000",
Eric Gordon,,"18,218,818",
Eric Bledsoe,,"18,125,000",
Bogdan Bogdanovic,,"18,000,000",
Myles Turner,,"18,000,000",
Terry Rozier,,"17,905,263",
Ricky Rubio,,"17,800,000",
Clint Capela,,"17,603,448",
Caris LeVert,,"17,500,000",
Jonathan Isaac,,"17,400,000",
Joe Harris,,"17,357,143",
Evan Fournier,,"17,142,857",
Steven Adams,,"17,073,171",
Markelle Fultz,,"16,500,000",
Aaron Gordon,,"16,409,091",
Gary Trent Jr,,"16,225,000",
OG Anunoby,,"16,071,429",
Davis Bertans,,"16,000,000",
Lauri Markkanen,,"15,690,909",
Derrick White,,"15,678,571",
Duncan Robinson,,"15,650,000",
Marcus Morris,,"15,627,907",
Will Barton,,"15,625,000",
Norman Powell,,"15,517,242",
Dejounte Murray,,"15,428,880",
Malik Beasley,,"14,491,964",
Patrick Beverley,,"14,320,987",
Thaddeus Young,,"14,190,000",
Jonas Valanciunas,,"14,000,000",
Marcus Smart,,"13,839,285",
Doug McDermott,,"13,750,000",
Christian Wood,,"13,666,667",
Derrick Rose,,"13,445,120",
Luke Kennard,,"13,347,727",
Taurean Prince,,"13,334,375",
Brook Lopez,,"13,302,325",
Kentavious Caldwell-Pope,,"13,038,862",
Joe Ingles,,"13,036,364",
Kyle Kuzma,,"13,000,000",
Robert Covington,,"12,975,471",
TJ Warren,,"12,940,000",
Deandre Ayton,,"12,632,950",
Terrence Ross,,"12,500,000",
Jordan Clarkson,,"12,420,000",
Dillon Brooks,,"12,200,000",
Kelly Olynyk,,"12,195,122",
Nicolas Batum,,"12,026,998",
Kelly Oubre,,"12,000,000",
Jusuf Nurkic,,"12,000,000",
Josh Hart,,"12,000,000",
Josh Richardson,,"11,615,328",
Marvin Bagley,,"11,312,114",
DeAndre Jordan,,"11,109,327",
Dwight Powell,,"11,080,125",
Devonte Graham,,"11,000,000",
Zion Williamson,,"10,733,400",
Larry Nance Jr,,"10,690,909",
Jeremy Lamb,,"10,500,000",
Reggie Jackson,,"10,384,500",
Richaun Holmes,,"10,384,500",
Al-Farouq Aminu,,"10,335,621",
Anthony Edwards,,"10,245,480",
Luka Doncic,,"10,174,391",
Cade Cunningham,,"10,050,120",
Danny Green,,"10,000,000",
Tomas Satoransky,,"10,000,000",
Tristan Thompson,,"9,946,611",
Kyle Anderson,,"9,937,150",
Montrezl Harrell,,"9,720,900",
Derrick Jones,,"9,720,900",
Serge Ibaka,,"9,720,900",
Derrick Favors,,"9,720,900",
Jae Crowder,,"9,720,900",
Ja Morant,,"9,603,360",
Reggie Bullock,,"9,536,000",
Alec Burks,,"9,536,000",
Talen Horton-Tucker,,"9,500,000",
Mason Plumlee,,"9,248,333",
Jaren Jackson Jr,,"9,180,560",
James Wiseman,,"9,166,800",
Jalen Green,,"8,992,080",
De'Anthony Melton,,"8,805,976",
Nerlens Noel,,"8,800,000",
Royce O'Neale,,"8,800,000",
Maxi Kleber,,"8,750,000",
Jakob Poeltl,,"8,750,000",
Thomas Bryant,,"8,666,667",
RJ Barrett,,"8,623,920",
Alex Caruso,,"8,600,000",
Delon Wright,,"8,526,316",
Dario Saric,,"8,510,000",
Monte Morris,,"8,449,074",
Tyus Jones,,"8,376,286",
Trae Young,,"8,326,471",
Daniel Theis,,"8,280,351",
LaMelo Ball,,"8,231,760",
Seth Curry,,"8,207,518",
JaMychal Green,,"8,200,000",
Cedi Osman,,"8,133,334",
Evan Mobley,,"8,075,160",
De'Andre Hunter,,"7,775,400",
DJ Augustin,,"7,622,467",
Mo Bamba,,"7,568,743",
Ivica Zubac,,"7,518,518",
Rajon Rondo,,"7,500,000",
TJ McConnell,,"7,500,000",
Patrick Williams,,"7,422,000",
Cory Joseph,,"7,310,000",
Scottie Barnes,,"7,280,400",
Darius Garland,,"7,040,880",
Chris Boucher,,"7,020,000",
PJ Tucker,,"7,000,000",
Zach Collins,,"7,000,000",
Wendell Carter,,"6,920,027",
Juan Hernangomez,,"6,803,190",
Isaac Okoro,,"6,720,720",
Jalen Suggs,,"6,592,920",
Cameron Payne,,"6,500,000",
Joakim Noah,,"6,431,666",
Jarrett Culver,,"6,395,160",
Khem Birch,,"6,350,000",
Collin Sexton,,"6,349,671",
Onyeka Okongwu,,"6,104,280",
Justin Holiday,,"6,006,420",
Josh Giddey,,"5,988,000",
Patrick Mills,,"5,890,000",
Dennis Schroeder,,"5,890,000",
Rudy Gay,,"5,890,000",
Kevin Knox,,"5,845,978",
Coby White,,"5,837,760",
Timofey Mozgov,,"5,573,333",
Killian Hayes,,"5,572,680",
Mikal Bridges,,"5,557,725",
Shai Gilgeous-Alexander,,"5,495,532",
Jonathan Kuminga,,"5,466,360",
Miles Bridges,,"5,421,493",
Jaxson Hayes,,"5,348,280",
Pat Connaughton,,"5,333,334",
Kris Dunn,,"5,317,430",
George Hill,,"5,275,491",
Michael Porter,,"5,258,735",
Dewayne Dedmon,,"5,256,308",
Ryan Anderson,,"5,214,583",
Hamidou Diallo,,"5,200,000",
Kevon Looney,,"5,178,572",
Troy Brown,,"5,170,564",
Obi Toppin,,"5,105,160",
Franz Wagner,,"5,007,840",
Josh Jackson,,"5,005,350",
Louis Williams,,"5,000,000",
Kendrick Nunn,,"5,000,000",
Luol Deng,,"5,000,000",
Robin Lopez,,"5,000,000",
JaVale McGee,,"5,000,000",
Danuel House,,"4,997,424",
Rui Hachimura,,"4,916,160",
Garrett Temple,,"4,910,000",
Taj Gibson,,"4,910,000",
Torrey Craig,,"4,878,049",
Bruce Brown,,"4,736,102",
Deni Avdija,,"4,692,840",
Donte DiVincenzo,,"4,675,830",
Cam Reddish,,"4,670,160",
David Nwaba,,"4,650,000",
Furkan Korkmaz,,"4,629,630",
Davion Mitchell,,"4,603,200",
Jeff Green,,"4,500,000",
Bryn Forbes,,"4,500,000",
Ishmael Smith,,"4,500,000",
Jalen Smith,,"4,458,000",
Lonnie Walker,,"4,447,896",
Cameron Johnson,,"4,437,000",
Ziaire Williams,,"4,373,040",
Bobby Portis,,"4,347,600",
Moe Harkless,,"4,347,600",
Kevin Huerter,,"4,253,357",
Devin Vassell,,"4,235,160",
Chandler Hutchison,,"4,224,186",
Willie Cauley-Stein,,"4,220,083",
PJ Washington,,"4,215,120",
James Bouknight,,"4,154,400",
Jevon Carter,,"4,107,149",
Josh Okogie,,"4,087,904",
Grayson Allen,,"4,054,695",
Jarred Vanderbilt,,"4,050,000",
Tyrese Haliburton,,"4,023,600",
Tyler Herro,,"4,004,280",
Gorgui Dieng,,"4,000,000",
Dorian Finney-Smith,,"4,000,000",
Terence Davis,,"4,000,000",
Aaron Holiday,,"3,980,551",
Josh Primo,,"3,946,800",
Jake Layman,,"3,940,184",
Anfernee Simons,,"3,938,818",
Justise Winslow,,"3,902,439",
Kira Lewis,,"3,822,240",
Romeo Langford,,"3,804,360",
Sekou Doumbouya,,"3,799,131",
Landry Shamet,,"3,768,342",
Chris Duarte,,"3,749,400",
Alex Len,,"3,732,000",
Robert Williams,,"3,661,976",
Aaron Nesmith,,"3,631,200",
Moses Moody,,"3,562,200",
Boban Marjanovic,,"3,500,000",
Mike Muscala,,"3,500,000",
Cole Anthony,,"3,449,400",
Corey Kispert,,"3,383,640",
Luka Samanic,,"3,355,239",
Michael Carter-Williams,,"3,300,000",
Georges Niang,,"3,300,000",
Isaiah Stewart,,"3,277,080",
Chuma Okeke,,"3,277,080",
Nickeil Alexander-Walker,,"3,261,480",
Alperen Sengun,,"3,214,680",
Jon Leuer,,"3,169,348",
Trey Burke,,"3,150,000",
Aleksej Pokusevski,,"3,113,160",
Facundo Campazzo,,"3,100,000",
Goga Bitadze,,"3,098,400",
Trey Murphy,,"3,053,760",
Sterling Brown,,"3,000,000",
Frank Jackson,,"3,000,000",
Josh Green,,"2,957,520",
Tre Mann,,"2,901,240",
Andrew Nicholson,,"2,844,429",
Matisse Thybulle,,"2,840,160",
Saddiq Bey,,"2,824,320",
Kai Jones,,"2,770,560",
Brandon Clarke,,"2,726,880",
Precious Achiuwa,,"2,711,280",
Marc Gasol,,"2,692,991",
Jalen Johnson,,"2,659,680",
LaMarcus Aldridge,,"2,641,691",
James Johnson,,"2,641,691",
Ed Davis,,"2,641,691",
Andre Iguodala,,"2,641,691",
Enes Kanter,,"2,641,691",
Avery Bradley,,"2,641,691",
Carmelo Anthony,,"2,641,691",
Wayne Ellington,,"2,641,691",
Trevor Ariza,,"2,641,691",
Dwight Howard,,"2,641,691",
Udonis Haslem,,"2,641,691",
Markieff Morris,,"2,641,691",
E'Twaun Moore,,"2,641,691",
Paul Millsap,,"2,641,691",
Grant Williams,,"2,617,800",
Tyrese Maxey,,"2,602,920",
Keon Johnson,,"2,553,240",
Darius Bazley,,"2,513,040",
Trey Lyles,,"2,500,000",
Zeke Nnaji,,"2,498,760",
Isaiah Jackson,,"2,451,240",
Ty Jerome,,"2,412,840",
Andre Drummond,,"2,401,537",
Austin Rivers,,"2,401,537",
Kent Bazemore,,"2,401,537",
Hassan Whiteside,,"2,401,537",
Otto Porter,,"2,389,641",
Victor Oladipo,,"2,389,641",
Tony Snell,,"2,389,641",
Solomon Hill,,"2,389,641",
Ben McLemore,,"2,389,641",
Cody Zeller,,"2,389,641",
Usman Garuba,,"2,353,320",
Leandro Bolmaro,,"2,353,320",
Willy Hernangomez,,"2,327,220",
Edmond Sumner,,"2,320,000",
Nassir Little,,"2,316,240",
RJ Hampton,,"2,303,040",
DeAndre Bembry,,"2,271,045",
Josh Christopher,,"2,259,240",
Monta Ellis,,"2,245,400",
Drew Eubanks,,"2,239,820",
Rodney Hood,,"2,239,544",
Elfrid Payton,,"2,239,544",
Dylan Windler,,"2,239,200",
Immanuel Quickley,,"2,210,640",
John Konchar,,"2,200,000",
Quentin Grimes,,"2,168,640",
Jordan Poole,,"2,161,440",
Bol Bol,,"2,161,152",
Keldon Johnson,,"2,145,720",
Payton Pritchard,,"2,137,440",
Jahlil Okafor,,"2,130,023",
Bones Hyland,,"2,096,880",
Nemanja Bjelica,,"2,089,448",
Frank Kaminsky,,"2,089,448",
Raul Neto,,"2,089,448",
Udoka Azubuike,,"2,075,880",
Jaden McDaniels,,"2,063,280",
Malachi Flynn,,"2,048,040",
DeMarcus Cousins,,"2,038,942",
Cam Thomas,,"2,036,280",
Desmond Bane,,"2,033,160",
Jaden Springer,,"2,023,680",
Day'Ron Sharpe,,"2,009,160",
Garrison Mathews,,"2,000,000",
Jordan McLaughlin,,"2,000,000",
Jeremiah Robinson-Earl,,"2,000,000",
Theo Maledon,,"2,000,000",
Kenrich Williams,,"2,000,000",
Abdel Nader,,"2,000,000",
Santiago Aldama,,"1,994,520",
Damian Jones,,"1,977,011",
Wesley Matthews,,"1,958,495",
Timothe Luwawu,,"1,939,350",
Rodney McGruder,,"1,939,350",
Moses Brown,,"1,933,909",
Wesley Iwundu,,"1,926,834",
Jose Alvarado,,"1,925,406",
Damion Lee,,"1,910,860",
PJ Dozier,,"1,910,860",
Killian Tillie,,"1,901,625",
Tyrell Terry,,"1,869,438",
Larry Sanders,,"1,865,546",
Carsen Edwards,,"1,859,365",
Shake Milton,,"1,846,738",
Jalen Brunson,,"1,802,057",
Mitchell Robinson,,"1,802,057",
Tony Bradley,,"1,789,256",
Frank Ntilikina,,"1,789,256",
Semi Ojeleye,,"1,789,256",
Malik Monk,,"1,789,256",
Dennis Smith,,"1,789,256",
Didi Louzada,,"1,786,878",
Nicolas Claxton,,"1,782,621",
Jalen McDaniels,,"1,782,621",
Cody Martin,,"1,782,621",
Dean Wade,,"1,782,621",
Vlatko Cancar,,"1,782,621",
Kevin Porter,,"1,782,621",
Bruno Fernando,,"1,782,621",
Terance Mann,,"1,782,621",
Jaylen Nowell,,"1,782,621",
Naz Reid,,"1,782,621",
Isaiah Roby,,"1,782,621",
Luguentz Dort,,"1,782,621",
KZ Okpala,,"1,782,621",
Eric Paschall,,"1,782,621",
Daniel Gafford,,"1,782,621",
Chimezie Metu,,"1,762,796",
Yuta Watanabe,,"1,762,796",
Armoni Brooks,,"1,739,065",
Isaiah Hartenstein,,"1,729,217",
Thanasis Antetokounmpo,,"1,729,217",
Moritz Wagner,,"1,729,217",
Keita Bates-Diop,,"1,729,217",
Sviatoslav Mykhailiuk,,"1,729,217",
Isaac Bonga,,"1,729,217",
Juan Toscano-Anderson,,"1,701,593",
Oshae Brissett,,"1,701,593",
Herb Jones,,"1,700,000",
Gabriel Deck,,"1,690,507",
Matt Thomas,,"1,669,178",
Javonte Green,,"1,669,178",
Gary Payton II,,"1,669,178",
Max Strus,,"1,669,178",
Gabe Vincent,,"1,669,178",
Robert Woodard,,"1,619,015",
Lance Stephenson,,"1,614,825",
Deividas Sirvydis,,"1,603,559",
Daniel Oturu,,"1,603,559",
Kevin Pangos,,"1,569,178",
Bismack Biyombo,,"1,518,213",
Nick Richards,,"1,517,981",
Lamar Stevens,,"1,517,981",
KJ Martin,,"1,517,981",
Jae'Sean Tate,,"1,517,981",
Sam Merrill,,"1,517,981",
Xavier Tillman,,"1,517,981",
Jordan Nwora,,"1,517,981",
Naji Marshall,,"1,517,981",
Paul Reed,,"1,517,981",
Isaiah Joe,,"1,517,981",
CJ Elleby,,"1,517,981",
Elijah Hughes,,"1,517,981",
Jahmi'us Ramsey,,"1,517,981",
Tre Jones,,"1,517,981",
Anthony Gill,,"1,517,981",
Vernon Carey,,"1,517,981",
Isaiah Todd,,"1,500,000",
Saben Lee,,"1,489,065",
Omer Yurtseven,,"1,489,065",
JR Smith,,"1,456,667",
Stanley Johnson,,"1,368,998",
Duane Washington Jr,,"1,346,676",
Aaron Wiggins,,"1,305,761",
Marquese Chriss,,"1,292,900",
JT Thor,,"1,250,000",
DeMarre Carroll,,"1,242,340",
Jabari Parker,,"1,168,286",
Alfonzo McKinnie,,"1,090,007",
Zhaire Smith,,"1,068,200",
Jason Preston,,"1,062,303",
Isaiah Livers,,"1,057,260",
Denzel Valentine,,"1,005,633",
Alize Johnson,,"1,003,740",
Kyle Singler,,"999,200",
Kelan Martin,,"993,760",
Miye Oni,,"946,261",
Ayo Dosunmu,,"925,258",
Marko Simonovic,,"925,258",
Luka Garza,,"925,258",
BJ Boston,,"925,258",
Austin Reaves,,"925,258",
Miles McBride,,"925,258",
Vit Krejci,,"925,258",
Charles Bassey,,"925,258",
Greg Brown,,"925,258",
Jock Landale,,"925,258",
Dalano Banton,,"925,258",
Jared Butler,,"925,258",
Daishen Nix,,"923,078",
Isaiah Thomas,,"910,926",
Terry Taylor,,"895,125",
Mamadi Diakite,,"869,078",
Caleb Martin,,"844,011",
Brad Wanamaker,,"814,918",
Luke Kornet,,"812,364",
Wayne Selden,,"812,363",
Gary Clark,,"811,213",
Ryan Arcidiacono,,"774,727",
Trendon Watford,,"768,830",
Patrick Patterson,,"737,067",
Devontae Cacok,,"726,128",
Admiral Schofield,,"723,741",
Ishmail Wainright,,"707,893",
Shaun Livingston,,"666,666",
Malik Fitts,,"630,874",
Sam Hauser,,"619,498",
Greg Monroe,,"612,805",
Amir Coffey,,"573,576",
Joe Wieskamp,,"563,663",
Keifer Sykes,,"558,345",
Haywood Highsmith,,"547,701",
Nik Stauskas,,"534,993",
Davon Reed,,"532,398",
Wenyen Gabriel,,"522,015",
Skylar Mays,,"510,907",
Georgios Kalaitzakis,,"499,852",
RJ Nembhard,,"491,876",
Chris Silva,,"479,650",
Kessler Edwards,,"463,211",
Trent Forrest,,"463,211",
Sharife Cooper,,"462,629",
Brodric Thomas,,"462,629",
David Duke,,"462,629",
Scottie Lewis,,"462,629",
Arnoldas Kulboka,,"462,629",
Tyler Cook,,"462,629",
Markus Howard,,"462,629",
Jamorko Pickett,,"462,629",
Sean Chris Smith,,"462,629",
Chris Chiozza,,"462,629",
Jay Scrubb,,"462,629",
Yves Pons,,"462,629",
Sandro Mamukelashvili,,"462,629",
McKinley Wright,,"462,629",
Nathan Knight,,"462,629",
Jericho Sims,,"462,629",
Ignas Brazdeikis,,"462,629",
Keljin Blevins,,"462,629",
Neemias Queta,,"462,629",
David Johnson,,"462,629",
Justin Champagnie,,"462,629",
Joel Ayayi,,"462,629",
Cassius Winston,,"462,629",
Justin Anderson,,"445,828",
Theo Pinson,,"440,710",
Charlie Brown,,"431,151",
Langston Galloway,,"386,127",
James Ennis,,"386,127",
Tim Frazier,,"386,127",
Kyle Guy,,"383,079",
Sam Dekker,,"350,000",
Quinndary Weatherspoon,,"346,491",
Brandon Goodwin,,"343,988",
Malcolm Hill,,"324,373",
Louis King,,"316,396",
Justin Jackson,,"308,493",
Shaquille Harrison,,"308,493",
DJ Wilson,,"308,493",
Jeff Dowtin,,"305,761",
Trevelin Queen,,"303,102",
Paul Watson,,"303,102",
Myles Powell,,"300,443",
Jontay Porter,,"300,000",
Mason Jones,,"295,125",
Eugene Omoruyi,,"281,831",
Brandon Knight,,"274,672",
Justin Robinson,,"265,953",
Ja'Vonte Smart,,"265,878",
Mychal Mulder,,"257,902",
Tyler Johnson,,"257,418",
Cassius Stanley,,"256,734",
Zylan Cheatham,,"256,734",
Devon Dotson,,"239,291",
Marcus Garrett,,"236,632",
Lindell Wigginton,,"233,973",
Jay Huff,,"225,997",
Olivier Sarr,,"223,339",
Aaron Henry,,"223,338",
Freddie Gillespie,,"221,156",
JaQuori McLaughlin,,"220,679",
Rayjon Tucker,,"220,639",
Tacko Fall,,"218,021",
Petr Cornelie,,"218,021",
Juwan Morgan,,"211,046",
Damyean Dotson,,"205,662",
Xavier Moon,,"202,069",
Tyrone Wallace,,"198,760",
Norvel Pelle,,"191,860",
Jaylen Hoard,,"191,860",
Tremont Waters,,"191,860",
Reggie Perry,,"188,272",
Devin Cannady,,"185,578",
Brandon Williams,,"180,798",
Moses Wright,,"172,821",
DeJon Jarreau,,"172,821",
Dakota Mathias,,"171,156",
Matt Mooney,,"171,156",
Daulton Hommes,,"167,504",
Grant Riller,,"162,186",
Lindy Waters III,,"159,527",
CJ Miles,,"151,821",
Joe Johnson,,"151,821",
Ersan Ilyasova,,"151,821",
Darren Collison,,"151,821",
Anthony Tolliver,,"151,821",
Chaundee Brown,,"151,552",
Xavier Sneed,,"146,233",
Mario Chalmers,,"138,019",
Anthony Lamb,,"136,095",
Braxton Key,,"127,622",
Troy Williams,,"122,741",
Feron Hunt,,"116,987",
Mac McClung,,"111,670",
Matt Ryan,,"111,669",
Emmanuel Mudiay,,"111,457",
Carlik Jones,,"106,352",
Hassani Gravett,,"106,352",
Paris Bass,,"106,352",
Jordan Bell,,"102,831",
Cheick Diallo,,"102,831",
DJ Stewart,,"101,034",
Nate Hinton,,"96,213",
Derrick Walton,,"95,930",
DaQuan Jeffries,,"95,930",
Justin James,,"95,930",
Scotty Hopson,,"95,930",
BJ Johnson,,"95,930",
Jaylen Morris,,"95,930",
Demetrius Jackson,,"92,857",
Cameron Oliver,,"85,578",
Chris Clemons,,"85,578",
Malik Newman,,"85,578",
George King,,"85,578",
Jemerrio Jones,,"85,578",
Emanuel Terry,,"85,578",
Jared Harper,,"85,081",
Gabriel Lundberg,,"79,764",
Anthony Barber,,"53,176",
Malik Ellison,,"53,176",
Justin Tillman,,"53,176",
Tre Scott,,"53,176",
Trayvon Palmer,,"53,176",
Micah Potter,,"53,176",
Jaysean Paige,,"53,176",
Ahmad Caver,,"53,176",
Shaq Buchanan,,"53,176",
Jon Teske,,"53,176",
Aric Holman,,"53,176",
Javin DeLaurier,,"53,176",
Tyler Hall,,"53,176",
Rob Edwards,,"53,176",
Aleem Ford,,"53,176",
MJ Walker,,"53,176",
Cameron McGriff,,"53,176",
Jarron Cumberland,,"53,176",
Ade Murkey,,"53,176",
Jordan Schakel,,"53,176",
Jordan Goodwin,,"53,176",
Craig Sword,,"53,176",
Jaime Echenique,,"53,176",
Luca Vildoza,,"42,789",
Zavier Simpson,,"37,223",
Mfiondu Kabengele,,"19,186",
Melvin Frazier,,"13,294",
Stephen Curry,,,"48,070,014"
John Wall,,,"47,345,760"
Russell Westbrook,,,"47,080,179"
LeBron James,,,"44,474,988"
Kevin Durant,,,"44,119,845"
Bradley Beal,,,"43,279,250"
Kawhi Leonard,,,"42,492,492"
Paul George,,,"42,492,492"
Giannis Antetokounmpo,,,"42,492,492"
Damian Lillard,,,"42,492,492"
Klay Thompson,,,"40,600,080"
Kyrie Irving,,,"38,917,057"
Rudy Gobert,,,"38,172,414"
Khris Middleton,,,"37,984,276"
Anthony Davis,,,"37,980,720"
Jimmy Butler,,,"37,653,300"
Tobias Harris,,,"37,633,050"
Kemba Walker,,,"37,281,261"
Trae Young,,,"37,096,500"
Zach LaVine,,,"37,096,500"
Luka Doncic,,,"37,096,500"
Ben Simmons,,,"35,448,672"
Pascal Siakam,,,"35,448,672"
Myles Turner,,,"35,096,500"
Jrue Holiday,,,"34,319,520"
Karl-Anthony Towns,,,"33,833,400"
Devin Booker,,,"33,833,400"
Kristaps Porzingis,,,"33,833,400"
Andrew Wiggins,,,"33,616,770"
Joel Embiid,,,"33,616,770"
CJ McCollum,,,"33,333,333"
Nikola Jokic,,,"33,047,803"
James Harden,,,"33,000,000"
Jamal Murray,,,"31,650,600"
Brandon Ingram,,,"31,650,600"
D'Angelo Russell,,,"31,377,750"
Donovan Mitchell,,,"30,913,750"
Michael Porter,,,"30,913,750"
Shai Gilgeous-Alexander,,,"30,913,750"
Deandre Ayton,,,"30,913,750"
Kevin Love,,,"30,556,968"
Jayson Tatum,,,"30,351,780"
Bam Adebayo,,,"30,351,780"
De'Aaron Fox,,,"30,351,780"
Gordon Hayward,,,"30,075,000"
Jaylen Brown,,,"29,776,785"
Jaren Jackson Jr,,,"28,946,605"
Chris Paul,,,"28,400,000"
Kyle Lowry,,,"28,333,334"
Jalen Brunson,,,"27,733,332"
DeMar DeRozan,,,"27,300,000"
Al Horford,,,"26,500,000"
Draymond Green,,,"25,806,468"
Julius Randle,,,"23,760,000"
John Collins,,,"23,500,000"
Mike Conley,,,"22,680,000"
Malcolm Brogdon,,,"22,600,000"
Anfernee Simons,,,"22,321,429"
Nikola Vucevic,,,"22,000,000"
Terry Rozier,,,"21,486,316"
Fred VanVleet,,,"21,250,000"
Buddy Hield,,,"21,177,750"
Domantas Sabonis,,,"21,100,000"
Jerami Grant,,,"20,955,000"
Aaron Gordon,,,"20,690,909"
Mikal Bridges,,,"20,100,000"
Jarrett Allen,,,"20,000,000"
Nicolas Batum,,,"19,700,319"
Tim Hardaway Jr,,,"19,602,273"
Eric Gordon,,,"19,568,360"
Bojan Bogdanovic,,,"19,550,000"
Lonzo Ball,,,"19,534,884"
Spencer Dinwiddie,,,"19,500,000"
Danilo Gallinari,,,"19,479,000"
Caris LeVert,,,"18,796,296"
Joe Harris,,,"18,642,857"
Harrison Barnes,,,"18,352,273"
Clint Capela,,,"18,206,896"
Bogdan Bogdanovic,,,"18,000,000"
Evan Fournier,,,"18,000,000"
Steven Adams,,,"17,926,829"
Jonathan Isaac,,,"17,400,000"
OG Anunoby,,,"17,357,143"
Gary Trent Jr,,,"17,280,000"
Marcus Smart,,,"17,207,142"
Derrick White,,,"17,142,857"
Dejounte Murray,,,"17,071,120"
Mitchell Robinson,,,"17,045,454"
Duncan Robinson,,,"16,902,000"
Norman Powell,,,"16,758,621"
Collin Sexton,,,"16,700,000"
Markelle Fultz,,,"16,500,000"
Lauri Markkanen,,,"16,475,454"
Marcus Morris,,,"16,372,093"
Davis Bertans,,,"16,000,000"
Jusuf Nurkic,,,"15,625,000"
Malik Beasley,,,"15,558,035"
Luguentz Dort,,,"15,277,778"
Will Barton,,,"15,059,712"
Tyus Jones,,,"15,000,000"
Jonas Valanciunas,,,"14,700,000"
Derrick Rose,,,"14,520,730"
Kevin Huerter,,,"14,508,929"
Christian Wood,,,"14,317,459"
Wendell Carter,,,"14,150,000"
Kentavious Caldwell-Pope,,,"14,004,703"
Brook Lopez,,,"13,906,976"
Patrick Beverley,,,"13,801,614"
Doug McDermott,,,"13,750,000"
Luke Kennard,,,"13,745,455"
Zion Williamson,,,"13,534,817"
Jordan Clarkson,,,"13,340,000"
Gary Harris,,,"13,000,000"
Kyle Kuzma,,,"13,000,000"
Josh Hart,,,"12,960,000"
Dorian Finney-Smith,,,"12,939,848"
Kelly Olynyk,,,"12,804,878"
Chris Boucher,,,"12,690,000"
Kelly Oubre,,,"12,600,000"
Marvin Bagley,,,"12,500,000"
Robert Covington,,,"12,307,692"
Josh Richardson,,,"12,196,094"
Ja Morant,,,"12,119,440"
Danny Green,,,"11,710,528"
Devonte Graham,,,"11,550,000"
Terrence Ross,,,"11,500,000"
Reggie Jackson,,,"11,457,217"
Dillon Brooks,,,"11,400,000"
Richaun Holmes,,,"11,215,260"
Dwight Powell,,,"11,080,125"
Paolo Banchero,,,"11,055,120"
RJ Barrett,,,"10,900,634"
Bobby Portis,,,"10,843,350"
DeAndre Jordan,,,"10,733,758"
Anthony Edwards,,,"10,733,400"
Robert Williams,,,"10,714,287"
Cade Cunningham,,,"10,552,800"
PJ Tucker,,,"10,490,000"
Derrick Favors,,,"10,350,803"
Mo Bamba,,,"10,300,000"
Talen Horton-Tucker,,,"10,260,000"
Jae Crowder,,,"10,183,800"
Ivica Zubac,,,"10,123,457"
Reggie Bullock,,,"10,012,800"
Alec Burks,,,"10,012,800"
Chet Holmgren,,,"9,891,240"
De'Andre Hunter,,,"9,835,881"
Larry Nance Jr,,,"9,672,727"
James Wiseman,,,"9,603,360"
Landry Shamet,,,"9,500,000"
Malik Monk,,,"9,472,219"
Jalen Green,,,"9,441,840"
Jakob Poeltl,,,"9,398,148"
Nerlens Noel,,,"9,391,069"
Nicolas Claxton,,,"9,350,000"
Dario Saric,,,"9,240,000"
Royce O'Neale,,,"9,200,000"
Monte Morris,,,"9,125,000"
Mason Plumlee,,,"9,080,417"
Alex Caruso,,,"9,030,000"
Maxi Kleber,,,"9,000,000"
Grayson Allen,,,"8,925,000"
Darius Garland,,,"8,920,794"
Jabari Smith,,,"8,882,640"
Isaiah Hartenstein,,,"8,854,879"
Kyle Anderson,,,"8,780,488"
Victor Oladipo,,,"8,750,000"
Daniel Theis,,,"8,694,369"
LaMelo Ball,,,"8,623,920"
Seth Curry,,,"8,496,653"
Evan Mobley,,,"8,478,720"
Gary Payton II,,,"8,300,000"
Dewayne Dedmon,,,"8,283,688"
De'Anthony Melton,,,"8,250,000"
JaMychal Green,,,"8,200,000"
TJ McConnell,,,"8,100,000"
Keegan Murray,,,"8,008,440"
Kevon Looney,,,"8,000,000"
Thaddeus Young,,,"8,000,000"
Delon Wright,,,"7,804,878"
Patrick Williams,,,"7,775,400"
Scottie Barnes,,,"7,644,600"
Cedi Osman,,,"7,426,088"
Coby White,,,"7,413,955"
Zach Collins,,,"7,350,000"
Jaden Ivey,,,"7,252,200"
Taurean Prince,,,"7,100,000"
Jae'Sean Tate,,,"7,065,217"
Isaac Okoro,,,"7,040,880"
Cody Martin,,,"7,000,000"
Jalen Suggs,,,"6,922,320"
Jaxson Hayes,,,"6,803,012"
Khem Birch,,,"6,667,500"
Bennedict Mathurin,,,"6,586,800"
Patrick Mills,,,"6,479,000"
Bruce Brown,,,"6,479,000"
Lonnie Walker,,,"6,479,000"
Caleb Martin,,,"6,479,000"
Joe Ingles,,,"6,479,000"
Onyeka Okongwu,,,"6,395,160"
Josh Giddey,,,"6,287,400"
Rui Hachimura,,,"6,263,188"
Rudy Gay,,,"6,184,500"
Jevon Carter,,,"6,025,000"
Shaedon Sharpe,,,"6,012,960"
Cameron Payne,,,"6,000,000"
Otto Porter,,,"6,000,000"
Justin Holiday,,,"5,987,975"
Cam Reddish,,,"5,954,454"
Cameron Johnson,,,"5,887,899"
Ricky Rubio,,,"5,853,659"
Killian Hayes,,,"5,837,760"
PJ Washington,,,"5,808,435"
Jonathan Kuminga,,,"5,739,840"
Pat Connaughton,,,"5,728,393"
Tyler Herro,,,"5,722,116"
Romeo Langford,,,"5,634,257"
Dyson Daniels,,,"5,508,600"
JaVale McGee,,,"5,461,219"
Goga Bitadze,,,"5,377,520"
Obi Toppin,,,"5,348,280"
Franz Wagner,,,"5,258,280"
Kendrick Nunn,,,"5,250,000"
Hamidou Diallo,,,"5,200,000"
Cory Joseph,,,"5,155,500"
Garrett Temple,,,"5,155,500"
Torrey Craig,,,"5,121,951"
Jeremy Sochan,,,"5,063,520"
David Nwaba,,,"5,022,000"
Nickeil Alexander-Walker,,,"5,009,633"
Furkan Korkmaz,,,"5,000,000"
Deni Avdija,,,"4,916,160"
Davion Mitchell,,,"4,833,600"
Johnny Davis,,,"4,810,320"
Ty Jerome,,,"4,728,948"
Ishmael Smith,,,"4,725,000"
Jalen Smith,,,"4,670,160"
Ziaire Williams,,,"4,591,680"
Ousmane Dieng,,,"4,569,840"
Moe Harkless,,,"4,564,980"
Jeff Green,,,"4,500,000"
Donte DiVincenzo,,,"4,500,000"
Devin Vassell,,,"4,437,000"
Matisse Thybulle,,,"4,379,526"
Jarred Vanderbilt,,,"4,374,000"
James Bouknight,,,"4,362,240"
Brandon Clarke,,,"4,343,919"
Jalen Williams,,,"4,341,480"
Grant Williams,,,"4,306,281"
Darius Bazley,,,"4,264,628"
Tyrese Haliburton,,,"4,215,120"
Nassir Little,,,"4,171,548"
Josh Primo,,,"4,144,320"
Jalen Duren,,,"4,124,280"
Gorgui Dieng,,,"4,105,236"
Danuel House,,,"4,105,000"
Boban Marjanovic,,,"4,101,478"
Justise Winslow,,,"4,097,561"
Dylan Windler,,,"4,037,277"
Stanley Johnson,,,"4,022,164"
Kira Lewis,,,"4,004,280"
George Hill,,,"4,000,000"
Terence Davis,,,"4,000,000"
Chris Duarte,,,"3,936,960"
Alex Len,,,"3,918,600"
Ochai Agbaji,,,"3,918,360"
Jordan Poole,,,"3,901,399"
Keldon Johnson,,,"3,873,024"
Sviatoslav Mykhailiuk,,,"3,846,895"
James Johnson,,,"3,841,067"
Aaron Nesmith,,,"3,804,360"
Moses Moody,,,"3,740,160"
Mark Williams,,,"3,722,040"
Cole Anthony,,,"3,613,680"
Corey Kispert,,,"3,552,840"
AJ Griffin,,,"3,536,160"
Goran Dragic,,,"3,523,762"
Mike Muscala,,,"3,500,000"
Georges Niang,,,"3,465,000"
Isaiah Stewart,,,"3,433,320"
Chuma Okeke,,,"3,433,320"
Trey Burke,,,"3,423,750"
Amir Coffey,,,"3,395,062"
Alperen Sengun,,,"3,375,360"
Tari Eason,,,"3,359,160"
Aleksej Pokusevski,,,"3,261,480"
Kevin Porter,,,"3,217,631"
Trey Murphy,,,"3,206,520"
Simone Fontecchio,,,"3,205,128"
Derrick Jones,,,"3,200,000"
Andre Drummond,,,"3,200,000"
Dalen Terry,,,"3,191,400"
Sterling Brown,,,"3,122,602"
Josh Green,,,"3,098,400"
Jake LaRavia,,,"3,047,640"
Tre Mann,,,"3,046,200"
Kevin Knox,,,"3,000,000"
Saddiq Bey,,,"2,959,080"
Malaki Branham,,,"2,925,600"
Joe Wieskamp,,,"2,909,261"
Kai Jones,,,"2,909,040"
Blake Griffin,,,"2,905,851"
Robin Lopez,,,"2,905,851"
Markieff Morris,,,"2,905,851"
Andre Iguodala,,,"2,905,851"
Serge Ibaka,,,"2,905,851"
Udonis Haslem,,,"2,905,851"
Wesley Matthews,,,"2,905,851"
Austin Rivers,,,"2,905,851"
Bismack Biyombo,,,"2,905,851"
Taj Gibson,,,"2,905,851"
RJ Hampton,,,"2,898,243"
Andrew Nicholson,,,"2,844,429"
Precious Achiuwa,,,"2,840,160"
Christian Braun,,,"2,808,600"
Jordan Nwora,,,"2,800,000"
Jalen Johnson,,,"2,792,640"
Tyrese Maxey,,,"2,726,880"
Bruno Fernando,,,"2,717,391"
Walker Kessler,,,"2,696,400"
Keon Johnson,,,"2,681,040"
Charles Bassey,,,"2,674,742"
Dennis Schroeder,,,"2,641,682"
TJ Warren,,,"2,628,597"
Matthew Dellavedova,,,"2,628,597"
Trey Lyles,,,"2,625,000"
Zeke Nnaji,,,"2,617,800"
David Roddy,,,"2,588,640"
Isaiah Jackson,,,"2,573,760"
MarJon Beauchamp,,,"2,485,200"
Usman Garuba,,,"2,471,160"
Raul Neto,,,"2,463,490"
Frank Kaminsky,,,"2,463,490"
Montrezl Harrell,,,"2,463,490"
Willy Hernangomez,,,"2,443,581"
Theo Maledon,,,"2,408,891"
Blake Wesley,,,"2,385,480"
Josh Christopher,,,"2,372,160"
Isaiah Roby,,,"2,330,681"
Lindy Waters III,,,"2,316,876"
Immanuel Quickley,,,"2,316,240"
Wendell Moore,,,"2,306,520"
John Konchar,,,"2,300,000"
Rodney McGruder,,,"2,298,385"
Bryn Forbes,,,"2,298,385"
Juan Hernangomez,,,"2,298,385"
Damian Jones,,,"2,298,385"
Quentin Grimes,,,"2,277,000"
Saben Lee,,,"2,266,640"
Andrew Nembhard,,,"2,244,111"
Nikola Jovic,,,"2,239,920"
Payton Pritchard,,,"2,239,200"
Vlatko Cancar,,,"2,234,359"
Patrick Baldwin,,,"2,226,000"
TyTy Washington,,,"2,210,040"
Bones Hyland,,,"2,201,520"
Bol Bol,,,"2,200,000"
Peyton Watson,,,"2,193,960"
Marquese Chriss,,,"2,193,920"
Udoka Azubuike,,,"2,174,880"
Jaden McDaniels,,,"2,161,440"
Jordan McLaughlin,,,"2,160,000"
Malachi Flynn,,,"2,145,720"
Cam Thomas,,,"2,138,160"
Luke Kornet,,,"2,133,278"
Dennis Smith,,,"2,133,278"
Damion Lee,,,"2,133,278"
Juan Toscano-Anderson,,,"2,133,278"
Desmond Bane,,,"2,130,240"
Jaden Springer,,,"2,125,200"
Day'Ron Sharpe,,,"2,109,480"
Santiago Aldama,,,"2,094,120"
Tony Bradley,,,"2,036,318"
Frank Ntilikina,,,"2,036,318"
Garrison Mathews,,,"2,000,000"
Jaylin Williams,,,"2,000,000"
Jeremiah Robinson-Earl,,,"2,000,000"
Kenrich Williams,,,"2,000,000"
Caleb Houstan,,,"2,000,000"
Shake Milton,,,"1,997,718"
Aaron Holiday,,,"1,968,175"
Yuta Watanabe,,,"1,968,175"
Edmond Sumner,,,"1,968,175"
Theo Pinson,,,"1,968,175"
Thomas Bryant,,,"1,968,175"
Troy Brown,,,"1,968,175"
Josh Okogie,,,"1,968,175"
Drew Eubanks,,,"1,968,175"
Dean Wade,,,"1,930,681"
Terance Mann,,,"1,930,681"
Jaylen Nowell,,,"1,930,681"
Naz Reid,,,"1,930,681"
Jalen McDaniels,,,"1,930,681"
Daniel Gafford,,,"1,930,681"
Chimezie Metu,,,"1,910,860"
Davon Reed,,,"1,902,133"
KZ Okpala,,,"1,902,133"
Killian Tillie,,,"1,901,625"
Vernon Carey,,,"1,882,621"
Wenyen Gabriel,,,"1,878,720"
Thanasis Antetokounmpo,,,"1,878,720"
Moritz Wagner,,,"1,878,720"
Keita Bates-Diop,,,"1,878,720"
Oshae Brissett,,,"1,846,738"
Nathan Knight,,,"1,836,090"
Justin Jackson,,,"1,836,090"
Isaiah Joe,,,"1,836,090"
Ryan Arcidiacono,,,"1,836,090"
Anthony Gill,,,"1,836,090"
Javonte Green,,,"1,815,677"
Gabe Vincent,,,"1,815,677"
Max Strus,,,"1,815,677"
Herb Jones,,,"1,785,000"
Nick Richards,,,"1,782,621"
Lamar Stevens,,,"1,782,621"
Tyrell Terry,,,"1,782,621"
KJ Martin,,,"1,782,621"
Xavier Tillman,,,"1,782,621"
Naji Marshall,,,"1,782,621"
Paul Reed,,,"1,782,621"
Tre Jones,,,"1,782,621"
Haywood Highsmith,,,"1,752,638"
Omer Yurtseven,,,"1,752,638"
Leandro Bolmaro,,,"1,709,300"
Terry Taylor,,,"1,703,902"
Jared Butler,,,"1,674,655"
Jericho Sims,,,"1,639,842"
Sam Hauser,,,"1,637,966"
Kessler Edwards,,,"1,637,966"
Isaiah Todd,,,"1,575,000"
Vit Krejci,,,"1,563,518"
JT Thor,,,"1,563,518"
Marko Simonovic,,,"1,563,518"
Ayo Dosunmu,,,"1,563,518"
Isaiah Livers,,,"1,563,518"
Daishen Nix,,,"1,563,518"
Jason Preston,,,"1,563,518"
BJ Boston,,,"1,563,518"
Austin Reaves,,,"1,563,518"
Jose Alvarado,,,"1,563,518"
Miles McBride,,,"1,563,518"
Aaron Wiggins,,,"1,563,518"
Jock Landale,,,"1,563,518"
Greg Brown,,,"1,563,518"
Trendon Watford,,,"1,563,518"
Dalano Banton,,,"1,563,518"
Kenneth Lofton,,,"1,505,966"
Christian Koloko,,,"1,500,000"
Bryce McGowens,,,"1,461,055"
Eric Bledsoe,,,"1,300,000"
Jordan Goodwin,,,"1,280,206"
Kennedy Chandler,,,"1,200,000"
Noah Vonleh,,,"1,160,955"
Sandro Mamukelashvili,,,"1,116,112"
Sam Merrill,,,"1,105,522"
Zhaire Smith,,,"1,068,200"
Tyrese Martin,,,"1,017,781"
Jaden Hardy,,,"1,017,781"
Ryan Rollins,,,"1,017,781"
Max Christie,,,"1,017,781"
Josh Minott,,,"1,017,781"
Jabari Walker,,,"1,017,781"
Eugene Omoruyi,,,"1,013,119"
Kris Dunn,,,"1,000,001"
Kyle Singler,,,"999,200"
Ishmail Wainright,,,"980,057"
Admiral Schofield,,,"877,940"
Justin Champagnie,,,"853,241"
Trevelin Queen,,,"838,891"
Moses Brown,,,"824,041"
Matt Ryan,,,"806,097"
DaQuan Jeffries,,,"799,403"
PJ Dozier,,,"784,654"
Cody Zeller,,,"743,922"
Meyers Leonard,,,"713,558"
Nik Stauskas,,,"702,311"
Anthony Lamb,,,"694,878"
Michael Carter-Williams,,,"652,829"
DJ Augustin,,,"633,938"
Duane Washington Jr,,,"628,802"
Carlik Jones,,,"612,162"
Juwan Morgan,,,"576,230"
Malik Fitts,,,"555,217"
Luka Samanic,,,"538,317"
David Duke,,,"531,283"
Trevor Keels,,,"520,589"
Dereon Seabron,,,"511,816"
Trent Forrest,,,"508,891"
Mfiondu Kabengele,,,"508,891"
JD Davison,,,"508,891"
Malcolm Hill,,,"508,891"
Mamadi Diakite,,,"508,891"
Isaiah Mobley,,,"508,891"
McKinley Wright,,,"508,891"
Jack White,,,"508,891"
Collin Gillespie,,,"508,891"
Buddy Boeheim,,,"508,891"
Darius Days,,,"508,891"
Trevor Hudgins,,,"508,891"
Kendall Brown,,,"508,891"
Moussa Diabate,,,"508,891"
Scottie Pippen Jr,,,"508,891"
Cole Swider,,,"508,891"
Vince Williams Jr,,,"508,891"
Jamal Cain,,,"508,891"
AJ Green,,,"508,891"
Luka Garza,,,"508,891"
EJ Liddell,,,"508,891"
Kevon Harris,,,"508,891"
Keon Ellis,,,"508,891"
Neemias Queta,,,"508,891"
Dominick Barlow,,,"508,891"
Julian Champagnie,,,"508,891"
Jeff Dowtin,,,"508,891"
Ron Harper Jr,,,"508,891"
Micah Potter,,,"508,891"
Johnny Juzang,,,"508,891"
John Butler,,,"503,041"
Chima Moneke,,,"500,000"
Facundo Campazzo,,,"464,299"
Orlando Robinson,,,"386,055"
Dru Smith,,,"374,357"
AJ Lawson,,,"371,432"
Jared Rhoden,,,"307,089"
Louis King,,,"307,089"
Robert Woodard,,,"300,000"
Didi Louzada,,,"268,032"
Jarrett Culver,,,"260,295"
Olivier Sarr,,,"257,371"
Alondes Williams,,,"254,446"
DJ Wilson,,,"250,000"
Donovan Williams,,,"239,822"
Quenton Jackson,,,"219,630"
Chris Silva,,,"211,045"
Tyler Dorsey,,,"201,802"
Braxton Key,,,"201,802"
Jordan Hall,,,"193,027"
Alize Johnson,,,"192,293"
Kostas Antetokounmpo,,,"172,555"
Devon Dotson,,,"169,630"
Mac McClung,,,"160,856"
Willie Cauley-Stein,,,"155,738"
Nate Darling,,,"152,082"
Keaton Wallace,,,"140,384"
Xavier Cooks,,,"140,384"
Shaquille Harrison,,,"134,862"
Feron Hunt,,,"131,610"
Lester Quinones,,,"129,405"
Troy Williams,,,"122,741"
Xavier Moon,,,"116,986"
Jamaree Bouyea,,,"116,986"
Jay Huff,,,"116,986"
Skylar Mays,,,"116,574"
Frank Jackson,,,"113,114"
Michael Foster,,,"106,288"
Deonte Burton,,,"105,522"
Jarrell Brantley,,,"105,522"
Xavier Sneed,,,"102,910"
Justin Lewis,,,"102,363"
Lindell Wigginton,,,"99,438"
Jordan Schakel,,,"96,514"
Demetrius Jackson,,,"92,857"
Stanley Umude,,,"58,493"
Jeenathan Williams,,,"52,644"
DJ Steward,,,"50,000"
Armoni Brooks,,,"50,000"
Jay Scrubb,,,"49,719"
Justin Minaya,,,"35,096"
Kobi Simmons,,,"32,795"
Gabe York,,,"32,171"
Ibou Badji,,,"18,226"
Tristan Thompson,,,"16,700"
RaiQuan Gray,,,"5,849"
Jacob Gilyard,,,"5,849"
