Title,Area
Rent flat in c/ narcís monturiol in Progrés Rubí,84
Rent flat in Mercat Rubí,55
Rent flat in Zona Nord Rubí,67
Rent duplex in Ca n´Oriol Rubí,79
Rent penthouse in passeig de les torres 28 in Ca n´Alzamora Rubí,121
Rent flat in c/ nou in Centre Rubí,50
Rent flat in Ca n´Oriol Rubí,63
Rent flat with heating parking in Centre Rubí,75
Rent flat with heating parking in Ca n´Oriol Rubí,82
Rent duplex in carrer madrid in La Serreta Rubí,61
Rent flat in c/ monturiol in Les Torres Rubí,72
Rent flat in c/ vint i cinc in Progrés Rubí,70
Rent flat in c/ vint i cinc in Progrés Rubí,70
Rent flat in carrer de lope de vega . in Mercat Rubí,77
Rent flat in Les Torres Rubí,81
Rent duplex in carrer madrid in Ca n´Oriol Rubí,89
Rent duplex with heating parking in Ca n´Oriol Rubí,59
Rent flat with heating parking pool in Ca n´Oriol Rubí,105
